frame,detections,avg_conf,min_conf,max_conf
1,1,0.5029296875,0.5029296875,0.5029296875
2,1,0.26904296875,0.26904296875,0.26904296875
3,1,0.286865234375,0.286865234375,0.286865234375
4,2,0.3238525390625,0.322509765625,0.3251953125
5,2,0.3873291015625,0.35498046875,0.419677734375
6,3,0.3964029947916667,0.326904296875,0.455078125
7,3,0.3375651041666667,0.3173828125,0.3701171875
8,3,0.2953287760416667,0.273681640625,0.309814453125
9,3,0.3223470052083333,0.251708984375,0.3603515625
10,2,0.288330078125,0.26513671875,0.3115234375
11,2,0.2841796875,0.282958984375,0.285400390625
12,2,0.3511962890625,0.32763671875,0.374755859375
13,2,0.46142578125,0.4580078125,0.46484375
14,2,0.4061279296875,0.332763671875,0.4794921875
15,2,0.4345703125,0.414794921875,0.454345703125
16,2,0.44873046875,0.41015625,0.4873046875
17,2,0.39111328125,0.341552734375,0.440673828125
18,2,0.36572265625,0.286865234375,0.444580078125
19,2,0.4014892578125,0.337158203125,0.4658203125
20,2,0.4486083984375,0.419677734375,0.4775390625
21,2,0.4566650390625,0.449462890625,0.4638671875
22,2,0.441650390625,0.437744140625,0.445556640625
23,2,0.3875732421875,0.345947265625,0.42919921875
24,2,0.43115234375,0.420654296875,0.441650390625
25,2,0.3526611328125,0.351318359375,0.35400390625
26,2,0.386962890625,0.36376953125,0.41015625
27,2,0.3992919921875,0.35302734375,0.445556640625
28,2,0.39111328125,0.375732421875,0.406494140625
29,2,0.3841552734375,0.369384765625,0.39892578125
30,2,0.383056640625,0.375732421875,0.390380859375
31,2,0.3297119140625,0.29736328125,0.362060546875
32,1,0.37744140625,0.37744140625,0.37744140625
33,1,0.43115234375,0.43115234375,0.43115234375
34,1,0.359375,0.359375,0.359375
35,1,0.2783203125,0.2783203125,0.2783203125
36,1,0.3251953125,0.3251953125,0.3251953125
37,1,0.304931640625,0.304931640625,0.304931640625
38,3,0.4431966145833333,0.346923828125,0.56103515625
39,2,0.2818603515625,0.254638671875,0.30908203125
40,2,0.3070068359375,0.277587890625,0.33642578125
41,1,0.29833984375,0.29833984375,0.29833984375
42,2,0.2989501953125,0.265869140625,0.33203125
43,1,0.30908203125,0.30908203125,0.30908203125
44,1,0.50390625,0.50390625,0.50390625
45,3,0.3526204427083333,0.281494140625,0.42333984375
46,4,0.39434814453125,0.2998046875,0.56591796875
47,1,0.419677734375,0.419677734375,0.419677734375
48,1,0.369384765625,0.369384765625,0.369384765625
49,1,0.310791015625,0.310791015625,0.310791015625
50,1,0.3486328125,0.3486328125,0.3486328125
51,1,0.287841796875,0.287841796875,0.287841796875
52,0,0,0,0
53,0,0,0,0
54,0,0,0,0
55,0,0,0,0
56,0,0,0,0
57,0,0,0,0
58,0,0,0,0
59,1,0.26123046875,0.26123046875,0.26123046875
60,0,0,0,0
61,0,0,0,0
62,0,0,0,0
63,0,0,0,0
64,0,0,0,0
65,0,0,0,0
66,0,0,0,0
67,0,0,0,0
68,0,0,0,0
69,1,0.27197265625,0.27197265625,0.27197265625
70,1,0.272705078125,0.272705078125,0.272705078125
71,1,0.264404296875,0.264404296875,0.264404296875
72,1,0.2744140625,0.2744140625,0.2744140625
73,1,0.32421875,0.32421875,0.32421875
74,1,0.2666015625,0.2666015625,0.2666015625
75,1,0.332763671875,0.332763671875,0.332763671875
76,4,0.37109375,0.257568359375,0.5400390625
77,4,0.41705322265625,0.2705078125,0.75048828125
78,1,0.91162109375,0.91162109375,0.91162109375
79,1,0.76611328125,0.76611328125,0.76611328125
80,0,0,0,0
81,0,0,0,0
82,0,0,0,0
83,0,0,0,0
84,0,0,0,0
85,0,0,0,0
86,0,0,0,0
87,0,0,0,0
88,1,0.260498046875,0.260498046875,0.260498046875
89,0,0,0,0
90,1,0.5078125,0.5078125,0.5078125
91,2,0.3726806640625,0.265869140625,0.4794921875
92,2,0.400146484375,0.28857421875,0.51171875
93,2,0.4505615234375,0.374755859375,0.5263671875
94,2,0.4620361328125,0.437744140625,0.486328125
95,2,0.52392578125,0.5068359375,0.541015625
96,2,0.524169921875,0.484375,0.56396484375
97,2,0.3984375,0.25390625,0.54296875
98,2,0.373779296875,0.26220703125,0.4853515625
99,2,0.5145263671875,0.415771484375,0.61328125
100,2,0.48583984375,0.3896484375,0.58203125
101,2,0.488525390625,0.37109375,0.60595703125
102,2,0.490234375,0.3857421875,0.5947265625
103,2,0.556396484375,0.5517578125,0.56103515625
104,2,0.55859375,0.525390625,0.591796875
105,3,0.4828287760416667,0.383056640625,0.6083984375
106,2,0.50390625,0.4912109375,0.5166015625
107,2,0.547119140625,0.4765625,0.61767578125
108,4,0.41156005859375,0.285400390625,0.5908203125
109,3,0.4471028645833333,0.259765625,0.56201171875
110,2,0.507080078125,0.42626953125,0.587890625
111,2,0.5478515625,0.466796875,0.62890625
112,2,0.486572265625,0.34423828125,0.62890625
113,2,0.483642578125,0.26220703125,0.705078125
114,1,0.6875,0.6875,0.6875
115,1,0.56982421875,0.56982421875,0.56982421875
116,2,0.4354248046875,0.299072265625,0.57177734375
117,2,0.4346923828125,0.281494140625,0.587890625
118,2,0.4154052734375,0.265869140625,0.56494140625
119,1,0.57275390625,0.57275390625,0.57275390625
120,1,0.60205078125,0.60205078125,0.60205078125
121,2,0.45263671875,0.33544921875,0.56982421875
122,2,0.46142578125,0.388671875,0.5341796875
123,2,0.4400634765625,0.405517578125,0.474609375
124,2,0.322509765625,0.25537109375,0.3896484375
125,2,0.297607421875,0.282958984375,0.312255859375
126,2,0.3521728515625,0.2666015625,0.437744140625
127,1,0.4765625,0.4765625,0.4765625
128,1,0.4111328125,0.4111328125,0.4111328125
129,3,0.333251953125,0.272705078125,0.449462890625
130,1,0.362060546875,0.362060546875,0.362060546875
131,1,0.436767578125,0.436767578125,0.436767578125
132,1,0.43017578125,0.43017578125,0.43017578125
133,1,0.4111328125,0.4111328125,0.4111328125
134,1,0.30810546875,0.30810546875,0.30810546875
135,1,0.287841796875,0.287841796875,0.287841796875
136,1,0.42626953125,0.42626953125,0.42626953125
137,2,0.3502197265625,0.267333984375,0.43310546875
138,1,0.4130859375,0.4130859375,0.4130859375
139,2,0.3414306640625,0.282958984375,0.39990234375
140,1,0.436767578125,0.436767578125,0.436767578125
141,2,0.3914794921875,0.296630859375,0.486328125
142,1,0.435791015625,0.435791015625,0.435791015625
143,1,0.452392578125,0.452392578125,0.452392578125
144,1,0.4609375,0.4609375,0.4609375
145,1,0.4638671875,0.4638671875,0.4638671875
146,1,0.39794921875,0.39794921875,0.39794921875
147,1,0.373779296875,0.373779296875,0.373779296875
148,2,0.306396484375,0.260498046875,0.352294921875
149,2,0.311279296875,0.253173828125,0.369384765625
150,2,0.3642578125,0.29345703125,0.43505859375
151,2,0.3360595703125,0.32080078125,0.351318359375
152,1,0.419677734375,0.419677734375,0.419677734375
153,1,0.342529296875,0.342529296875,0.342529296875
154,1,0.356689453125,0.356689453125,0.356689453125
155,0,0,0,0
156,0,0,0,0
157,1,0.26904296875,0.26904296875,0.26904296875
158,1,0.33203125,0.33203125,0.33203125
159,1,0.275146484375,0.275146484375,0.275146484375
160,1,0.30908203125,0.30908203125,0.30908203125
161,1,0.37109375,0.37109375,0.37109375
162,1,0.37109375,0.37109375,0.37109375
163,2,0.48291015625,0.478515625,0.4873046875
164,2,0.4869384765625,0.453369140625,0.5205078125
165,2,0.504638671875,0.42431640625,0.5849609375
166,2,0.3828125,0.294921875,0.470703125
167,2,0.33740234375,0.3251953125,0.349609375
168,2,0.42529296875,0.33984375,0.5107421875
169,2,0.4859619140625,0.442626953125,0.529296875
170,2,0.4586181640625,0.382080078125,0.53515625
171,2,0.5047607421875,0.437744140625,0.57177734375
172,2,0.3624267578125,0.2783203125,0.446533203125
173,0,0,0,0
174,1,0.29345703125,0.29345703125,0.29345703125
175,1,0.25537109375,0.25537109375,0.25537109375
176,1,0.294189453125,0.294189453125,0.294189453125
177,1,0.256103515625,0.256103515625,0.256103515625
178,0,0,0,0
179,0,0,0,0
180,1,0.259033203125,0.259033203125,0.259033203125
181,1,0.316650390625,0.316650390625,0.316650390625
182,0,0,0,0
183,1,0.26513671875,0.26513671875,0.26513671875
184,1,0.2861328125,0.2861328125,0.2861328125
185,1,0.257568359375,0.257568359375,0.257568359375
186,0,0,0,0
187,1,0.269775390625,0.269775390625,0.269775390625
188,1,0.359375,0.359375,0.359375
189,1,0.37744140625,0.37744140625,0.37744140625
190,1,0.325927734375,0.325927734375,0.325927734375
191,0,0,0,0
192,0,0,0,0
193,0,0,0,0
194,0,0,0,0
195,0,0,0,0
196,0,0,0,0
197,0,0,0,0
198,0,0,0,0
199,0,0,0,0
200,0,0,0,0
201,0,0,0,0
202,0,0,0,0
203,0,0,0,0
204,0,0,0,0
205,0,0,0,0
206,0,0,0,0
207,0,0,0,0
208,0,0,0,0
209,0,0,0,0
210,0,0,0,0
211,0,0,0,0
212,0,0,0,0
213,0,0,0,0
214,0,0,0,0
215,0,0,0,0
216,0,0,0,0
217,0,0,0,0
218,0,0,0,0
219,0,0,0,0
220,0,0,0,0
221,0,0,0,0
222,0,0,0,0
223,0,0,0,0
224,0,0,0,0
225,0,0,0,0
226,0,0,0,0
227,0,0,0,0
228,0,0,0,0
229,0,0,0,0
230,1,0.810546875,0.810546875,0.810546875
231,2,0.6016845703125,0.326904296875,0.87646484375
232,2,0.85302734375,0.85009765625,0.85595703125
233,2,0.890625,0.880859375,0.900390625
234,2,0.868896484375,0.83447265625,0.9033203125
235,3,0.7361653645833334,0.41015625,0.90673828125
236,3,0.7119954427083334,0.345947265625,0.90185546875
237,3,0.86474609375,0.8388671875,0.89013671875
238,3,0.8855794270833334,0.83935546875,0.92041015625
239,3,0.8800455729166666,0.8232421875,0.9111328125
240,4,0.820068359375,0.7265625,0.91064453125
241,4,0.8282470703125,0.71533203125,0.8896484375
242,5,0.7796875,0.55908203125,0.892578125
243,5,0.78125,0.4833984375,0.90185546875
244,6,0.7716878255208334,0.405517578125,0.89013671875
245,5,0.85732421875,0.7626953125,0.91552734375
246,8,0.69964599609375,0.3310546875,0.91943359375
247,8,0.7633056640625,0.39697265625,0.91357421875
248,6,0.8455403645833334,0.6875,0.92138671875
249,7,0.7884347098214286,0.3876953125,0.9189453125
250,6,0.85107421875,0.68359375,0.9150390625
251,7,0.7603236607142857,0.2705078125,0.89111328125
252,7,0.8243582589285714,0.5498046875,0.91796875
253,7,0.8357979910714286,0.6103515625,0.90576171875
254,8,0.804779052734375,0.279052734375,0.91064453125
255,7,0.8849748883928571,0.84716796875,0.91064453125
256,7,0.8952287946428571,0.84716796875,0.93017578125
257,7,0.8967633928571429,0.873046875,0.91552734375
258,8,0.870849609375,0.76904296875,0.9365234375
259,10,0.8158935546875,0.276611328125,0.9326171875
260,10,0.864501953125,0.70263671875,0.9326171875
261,10,0.878369140625,0.80078125,0.9365234375
262,12,0.8226521809895834,0.301513671875,0.9267578125
263,12,0.8392537434895834,0.406494140625,0.916015625
264,13,0.8276930588942307,0.341552734375,0.92431640625
265,12,0.8927408854166666,0.83203125,0.92578125
266,12,0.8895670572916666,0.8447265625,0.91357421875
267,13,0.841796875,0.25244140625,0.9287109375
268,12,0.896728515625,0.86865234375,0.93359375
269,12,0.8898518880208334,0.8623046875,0.91357421875
270,12,0.8944905598958334,0.861328125,0.91259765625
271,13,0.8536470853365384,0.320068359375,0.921875
272,13,0.8462853064903846,0.362060546875,0.91162109375
273,14,0.8419015066964286,0.30908203125,0.94482421875
274,14,0.8765694754464286,0.7958984375,0.9140625
275,15,0.87822265625,0.732421875,0.931640625
276,17,0.81201171875,0.291748046875,0.9228515625
277,16,0.8619384765625,0.6953125,0.921875
278,16,0.880615234375,0.79931640625,0.9228515625
279,19,0.830090974506579,0.352294921875,0.91943359375
280,19,0.8448550575657895,0.294921875,0.9130859375
281,19,0.8514982524671053,0.290283203125,0.9150390625
282,18,0.8795030381944444,0.79052734375,0.9208984375
283,18,0.8798285590277778,0.7890625,0.9228515625
284,19,0.8778268914473685,0.67138671875,0.91162109375
285,20,0.84886474609375,0.280517578125,0.90966796875
286,20,0.85745849609375,0.323486328125,0.9365234375
287,22,0.8289351029829546,0.289306640625,0.93212890625
288,21,0.8522484188988095,0.303955078125,0.9189453125
289,23,0.8458198879076086,0.259033203125,0.91650390625
290,22,0.8787064985795454,0.7880859375,0.91650390625
291,23,0.8635360054347826,0.3603515625,0.94140625
292,23,0.8793308423913043,0.607421875,0.9345703125
293,24,0.8544413248697916,0.296630859375,0.94873046875
294,23,0.8735988451086957,0.5869140625,0.9345703125
295,23,0.8643321161684783,0.251708984375,0.935546875
296,22,0.8927778764204546,0.8291015625,0.92724609375
297,22,0.8852095170454546,0.7734375,0.9287109375
298,22,0.8902920809659091,0.79833984375,0.9404296875
299,23,0.8628248131793478,0.272705078125,0.9521484375
300,23,0.8671875,0.30078125,0.951171875
301,22,0.893310546875,0.78515625,0.9248046875
302,24,0.8641153971354166,0.43212890625,0.9443359375
303,24,0.8632914225260416,0.287841796875,0.94873046875
304,23,0.8885869565217391,0.72021484375,0.947265625
305,23,0.8805197010869565,0.6669921875,0.9326171875
306,25,0.849990234375,0.301513671875,0.93017578125
307,24,0.8861287434895834,0.806640625,0.93359375
308,25,0.864404296875,0.326904296875,0.93310546875
309,25,0.882265625,0.681640625,0.93798828125
310,27,0.8664641203703703,0.388671875,0.94189453125
311,28,0.85113525390625,0.277587890625,0.94677734375
312,26,0.8885779747596154,0.810546875,0.94482421875
313,26,0.8917705829326923,0.810546875,0.93359375
314,27,0.8641131365740741,0.2783203125,0.92041015625
315,27,0.8723777488425926,0.505859375,0.95068359375
316,28,0.8511701311383929,0.33203125,0.93994140625
317,27,0.8653157552083334,0.309814453125,0.9267578125
318,27,0.8760398582175926,0.446533203125,0.9267578125
319,28,0.8682076590401786,0.320068359375,0.93310546875
320,27,0.8870804398148148,0.7734375,0.9501953125
321,28,0.8816441127232143,0.57666015625,0.921875
322,28,0.8737967354910714,0.37744140625,0.94482421875
323,27,0.8956163194444444,0.80908203125,0.95166015625
324,28,0.8801705496651786,0.403564453125,0.947265625
325,27,0.8873155381944444,0.77734375,0.93505859375
326,29,0.8648976293103449,0.4873046875,0.92724609375
327,29,0.8600737473060345,0.302490234375,0.94677734375
328,29,0.8543490705818966,0.279052734375,0.94873046875
329,30,0.8511800130208333,0.30908203125,0.93994140625
330,29,0.8542396282327587,0.33447265625,0.935546875
331,30,0.8576253255208334,0.320068359375,0.93505859375
332,30,0.841162109375,0.36669921875,0.943359375
333,30,0.8526448567708333,0.43212890625,0.95849609375
334,29,0.8625404094827587,0.32080078125,0.931640625
335,29,0.8567820581896551,0.3701171875,0.92578125
336,29,0.8648807920258621,0.466796875,0.9345703125
337,29,0.8551993534482759,0.31494140625,0.93017578125
338,29,0.8542059536637931,0.3251953125,0.9501953125
339,32,0.830413818359375,0.299072265625,0.92529296875
340,32,0.836151123046875,0.2568359375,0.9228515625
341,32,0.8537521362304688,0.290283203125,0.92919921875
342,31,0.8525390625,0.27587890625,0.9228515625
343,32,0.8521881103515625,0.32421875,0.96142578125
344,32,0.842620849609375,0.33203125,0.92431640625
345,32,0.8496170043945312,0.294921875,0.923828125
346,33,0.8423221472537878,0.296630859375,0.93212890625
347,33,0.847463896780303,0.338134765625,0.9326171875
348,33,0.8566450639204546,0.316650390625,0.955078125
349,31,0.8779375630040323,0.326904296875,0.92578125
350,33,0.85107421875,0.290283203125,0.9267578125
351,35,0.8429896763392857,0.30322265625,0.9228515625
352,34,0.8495447495404411,0.3056640625,0.9306640625
353,36,0.8459879557291666,0.285400390625,0.94873046875
354,36,0.8372328016493056,0.29345703125,0.92431640625
355,36,0.8536173502604166,0.303955078125,0.93408203125
356,35,0.8602469308035714,0.279052734375,0.93994140625
357,34,0.8733915441176471,0.484375,0.92919921875
358,36,0.8598971896701388,0.299072265625,0.93701171875
359,38,0.838732267680921,0.316650390625,0.92724609375
360,37,0.8831688133445946,0.71875,0.94775390625
361,37,0.876293285472973,0.462890625,0.9287109375
362,37,0.8816115920608109,0.61962890625,0.93359375
363,36,0.8975287543402778,0.81884765625,0.95068359375
364,36,0.8844943576388888,0.77392578125,0.931640625
365,38,0.8718518708881579,0.4697265625,0.9287109375
366,37,0.8844620988175675,0.79931640625,0.9375
367,39,0.8676695212339743,0.302490234375,0.95751953125
368,39,0.8729654947916666,0.332763671875,0.95654296875
369,39,0.8761768830128205,0.6103515625,0.94189453125
370,39,0.8850535857371795,0.6396484375,0.96044921875
371,42,0.8565615699404762,0.25244140625,0.92822265625
372,41,0.8728086890243902,0.25537109375,0.9501953125
373,41,0.8746784489329268,0.388671875,0.93603515625
374,41,0.8799185403963414,0.67919921875,0.94677734375
375,40,0.8865966796875,0.80322265625,0.92724609375
376,41,0.8751667301829268,0.36572265625,0.94384765625
377,42,0.8847888764880952,0.68408203125,0.94140625
378,42,0.8846028645833334,0.80908203125,0.935546875
379,44,0.8679143732244318,0.350341796875,0.9384765625
380,45,0.8552625868055556,0.301513671875,0.92578125
381,43,0.8828579215116279,0.63427734375,0.943359375
382,47,0.8333506482712766,0.2783203125,0.93310546875
383,49,0.8299834582270408,0.276611328125,0.93701171875
384,50,0.8334228515625,0.25830078125,0.94189453125
385,49,0.8322405133928571,0.257568359375,0.92529296875
386,50,0.829755859375,0.26220703125,0.92919921875
387,47,0.8661330202792553,0.357666015625,0.9326171875
388,48,0.8553619384765625,0.318359375,0.93359375
389,47,0.8726157330452128,0.273681640625,0.92578125
390,47,0.8758986452792553,0.322509765625,0.95556640625
391,47,0.8799399517952128,0.444580078125,0.93798828125
392,46,0.8896165930706522,0.8115234375,0.94873046875
393,49,0.8507653061224489,0.25390625,0.94189453125
394,48,0.8668263753255209,0.294189453125,0.958984375
395,49,0.8515674824617347,0.27197265625,0.9267578125
396,51,0.8464259727328431,0.34423828125,0.94482421875
397,49,0.8627630739795918,0.267333984375,0.9306640625
398,50,0.861181640625,0.2705078125,0.94189453125
399,49,0.8634307238520408,0.263671875,0.923828125
400,49,0.8718211894132653,0.28857421875,0.931640625
401,50,0.853779296875,0.273681640625,0.9306640625
402,49,0.8645318478954082,0.275146484375,0.9248046875
403,50,0.8532666015625,0.265869140625,0.93603515625
404,48,0.88140869140625,0.5390625,0.92236328125
405,49,0.8785973373724489,0.5869140625,0.93017578125
406,48,0.8887227376302084,0.8251953125,0.93115234375
407,48,0.8885091145833334,0.7841796875,0.92919921875
408,49,0.8736348054846939,0.36572265625,0.943359375
409,49,0.8792002152423469,0.296630859375,0.95654296875
410,51,0.8653301164215687,0.29833984375,0.93505859375
411,51,0.8662540211397058,0.3056640625,0.9482421875
412,50,0.8777587890625,0.303955078125,0.9326171875
413,54,0.8418646918402778,0.264404296875,0.9365234375
414,52,0.8676898662860577,0.368408203125,0.94873046875
415,52,0.8600745567908654,0.319580078125,0.93017578125
416,53,0.858154296875,0.29345703125,0.93115234375
417,51,0.8676087622549019,0.286865234375,0.93017578125
418,51,0.8796530330882353,0.611328125,0.9365234375
419,51,0.8845358455882353,0.5859375,0.94775390625
420,53,0.8677402712264151,0.39599609375,0.93701171875
421,54,0.8582085503472222,0.27197265625,0.927734375
422,54,0.8535427517361112,0.2724609375,0.93896484375
423,54,0.8602340133101852,0.33447265625,0.93505859375
424,57,0.838708710252193,0.265869140625,0.9267578125
425,55,0.8580122514204546,0.259033203125,0.9326171875
426,56,0.84979248046875,0.2783203125,0.92822265625
427,57,0.8360274465460527,0.29345703125,0.92822265625
428,56,0.8518938337053571,0.404541015625,0.9306640625
429,55,0.8596280184659091,0.271240234375,0.94140625
430,56,0.8567112513950893,0.26708984375,0.9365234375
431,55,0.8612526633522727,0.28466796875,0.94580078125
432,55,0.8562544389204545,0.267333984375,0.93310546875
433,54,0.8751401548032407,0.299072265625,0.9443359375
434,57,0.8488127055921053,0.254638671875,0.9423828125
435,56,0.8660757882254464,0.43115234375,0.93798828125
436,57,0.8626601905153509,0.32421875,0.93017578125
437,57,0.8468510142543859,0.291748046875,0.9228515625
438,56,0.8652256556919643,0.336669921875,0.9267578125
439,56,0.869384765625,0.341064453125,0.94677734375
440,56,0.87567138671875,0.515625,0.93994140625
441,56,0.869384765625,0.33203125,0.93017578125
442,57,0.8541152686403509,0.282958984375,0.9404296875
443,55,0.8817294034090909,0.4609375,0.9423828125
444,58,0.8531325767780172,0.2763671875,0.94482421875
445,57,0.8646561472039473,0.306640625,0.9384765625
446,58,0.854058627424569,0.27001953125,0.9365234375
447,58,0.8467386179956896,0.280517578125,0.931640625
448,57,0.8588353207236842,0.34375,0.94287109375
449,58,0.8535535088900862,0.30078125,0.94091796875
450,59,0.8561680680614406,0.2880859375,0.93994140625
451,57,0.8755867941337719,0.264404296875,0.93310546875
452,59,0.8621681342690678,0.31103515625,0.9365234375
453,58,0.8754419787176724,0.441650390625,0.931640625
454,60,0.8542399088541667,0.27197265625,0.935546875
455,60,0.8608846028645833,0.302734375,0.94287109375
456,60,0.8676798502604167,0.369873046875,0.92431640625
457,61,0.8572257620389344,0.28857421875,0.9462890625
458,58,0.8748147898706896,0.470703125,0.92919921875
459,59,0.865474377648305,0.37109375,0.92626953125
460,59,0.8678992319915254,0.42529296875,0.94091796875
461,58,0.8715736126077587,0.37841796875,0.935546875
462,59,0.8590191340042372,0.25244140625,0.9365234375
463,59,0.8576784295550848,0.28369140625,0.927734375
464,60,0.8536783854166666,0.265869140625,0.93408203125
465,59,0.8642040188029662,0.390380859375,0.9404296875
466,59,0.8650067862817796,0.36376953125,0.9228515625
467,61,0.8442142674180327,0.251220703125,0.93798828125
468,60,0.8522786458333333,0.2685546875,0.9248046875
469,60,0.8555013020833333,0.253173828125,0.91943359375
470,57,0.8799342105263158,0.5400390625,0.93798828125
471,57,0.8735694216008771,0.26806640625,0.927734375
472,59,0.862106064618644,0.33935546875,0.939453125
473,59,0.8555349576271186,0.263671875,0.92626953125
474,59,0.8650233381885594,0.312744140625,0.93212890625
475,61,0.8473240586577869,0.255615234375,0.939453125
476,60,0.85325927734375,0.273681640625,0.92529296875
477,61,0.8554887615266393,0.3603515625,0.93994140625
478,61,0.8510221887807377,0.30810546875,0.9267578125
479,59,0.8695709745762712,0.42626953125,0.93408203125
480,59,0.8657764499470338,0.320068359375,0.9375
481,60,0.85997314453125,0.2744140625,0.9248046875
482,61,0.8526471247438525,0.333740234375,0.9423828125
483,62,0.8373826549899194,0.262939453125,0.927734375
484,61,0.8557969390368853,0.3115234375,0.9375
485,61,0.8505579213627049,0.3056640625,0.939453125
486,61,0.8473400678790983,0.282958984375,0.923828125
487,60,0.8598673502604167,0.43505859375,0.94677734375
488,62,0.8420134513608871,0.318359375,0.9404296875
489,60,0.86392822265625,0.346435546875,0.9345703125
490,60,0.8563273111979167,0.3408203125,0.9453125
491,59,0.8658054157838984,0.42431640625,0.92724609375
492,62,0.8472073462701613,0.264404296875,0.94482421875
493,62,0.853302986391129,0.34521484375,0.935546875
494,61,0.8644779392930327,0.436767578125,0.93310546875
495,63,0.8511129712301587,0.306884765625,0.94921875
496,63,0.8499116443452381,0.285888671875,0.93896484375
497,64,0.8530044555664062,0.3798828125,0.95166015625
498,66,0.833740234375,0.253173828125,0.94384765625
499,64,0.8477020263671875,0.2958984375,0.93701171875
500,64,0.85784912109375,0.392333984375,0.9423828125
501,63,0.8620721726190477,0.39794921875,0.9404296875
502,64,0.8460655212402344,0.286865234375,0.94677734375
503,64,0.8515701293945312,0.313232421875,0.9423828125
504,63,0.8529537140376984,0.316650390625,0.9384765625
505,66,0.84375,0.282958984375,0.95166015625
506,65,0.8470440204326923,0.333251953125,0.94140625
507,65,0.8481557992788461,0.271240234375,0.9384765625
508,63,0.8524344308035714,0.281494140625,0.9345703125
509,62,0.8553939327116935,0.33056640625,0.92919921875
510,63,0.8466021825396826,0.313232421875,0.9501953125
511,63,0.8448389446924603,0.26123046875,0.939453125
512,60,0.8687744140625,0.4130859375,0.93115234375
513,62,0.8607177734375,0.253173828125,0.9482421875
514,61,0.8610759797643442,0.373046875,0.93896484375
515,64,0.8298606872558594,0.250244140625,0.94482421875
516,62,0.842072517641129,0.2744140625,0.93896484375
517,61,0.8562051741803278,0.276611328125,0.9365234375
518,59,0.8780083090572034,0.328857421875,0.947265625
519,59,0.8757158699682204,0.390380859375,0.93115234375
520,62,0.8582724294354839,0.329345703125,0.94091796875
521,62,0.8628756615423387,0.276611328125,0.94384765625
522,60,0.8771565755208334,0.4970703125,0.94287109375
523,61,0.8741114882172131,0.4990234375,0.94677734375
524,62,0.8600286668346774,0.280517578125,0.93115234375
525,60,0.87791748046875,0.400634765625,0.93896484375
526,61,0.8689765304815574,0.361083984375,0.9541015625
527,61,0.8663350089651639,0.276611328125,0.94482421875
528,64,0.8486061096191406,0.27978515625,0.94482421875
529,62,0.8602491809475806,0.2744140625,0.95166015625
530,63,0.8474276103670635,0.263671875,0.951171875
531,61,0.878602074795082,0.46875,0.94677734375
532,62,0.8633678805443549,0.369384765625,0.94140625
533,68,0.8153614717371324,0.262451171875,0.9453125
534,65,0.8431415264423077,0.30029296875,0.95458984375
535,65,0.8315392127403847,0.2685546875,0.931640625
536,66,0.8355084043560606,0.2724609375,0.95166015625
537,68,0.8126902860753676,0.2509765625,0.95654296875
538,69,0.8028475996376812,0.253173828125,0.96044921875
539,65,0.8276630108173076,0.279541015625,0.95263671875
540,62,0.8466363722278226,0.256103515625,0.94287109375
541,58,0.8824168238146551,0.38037109375,0.95166015625
542,63,0.8513299851190477,0.2998046875,0.95947265625
543,64,0.8376350402832031,0.26513671875,0.94189453125
544,63,0.8426649305555556,0.277099609375,0.953125
545,64,0.8387870788574219,0.366943359375,0.94921875
546,63,0.8517368861607143,0.28369140625,0.95166015625
547,63,0.8450133308531746,0.254638671875,0.962890625
548,62,0.8503929876512096,0.338623046875,0.94580078125
549,64,0.8249702453613281,0.27197265625,0.95556640625
550,63,0.8545580667162699,0.338134765625,0.95654296875
551,61,0.8505018890881147,0.30908203125,0.94189453125
552,61,0.8530633644979508,0.25048828125,0.95361328125
553,64,0.8389816284179688,0.267333984375,0.9560546875
554,62,0.8382332094254032,0.253173828125,0.95166015625
555,61,0.8452588691086066,0.35302734375,0.94873046875
556,60,0.8336954752604167,0.251708984375,0.95068359375
557,59,0.8374395855402542,0.275146484375,0.9501953125
558,57,0.8687337239583334,0.377197265625,0.97509765625
559,59,0.8422520524364406,0.345458984375,0.94921875
560,56,0.864715576171875,0.37841796875,0.958984375
561,58,0.8427271349676724,0.289306640625,0.953125
562,55,0.8642178622159091,0.30322265625,0.95068359375
563,55,0.8650435014204545,0.32080078125,0.947265625
564,56,0.862579345703125,0.384521484375,0.953125
565,56,0.8602164132254464,0.368408203125,0.95703125
566,57,0.8543636924342105,0.287841796875,0.955078125
567,58,0.8353145204741379,0.30078125,0.94482421875
568,55,0.8695623224431818,0.394287109375,0.953125
569,58,0.8337739089439655,0.303955078125,0.955078125
570,57,0.8279622395833334,0.2783203125,0.9560546875
571,55,0.8383655894886364,0.275146484375,0.95458984375
572,55,0.8166148792613637,0.29150390625,0.95166015625
573,53,0.8149782576650944,0.2958984375,0.95361328125
574,50,0.8482177734375,0.269287109375,0.9541015625
575,50,0.84544921875,0.25341796875,0.951171875
576,50,0.85466796875,0.260498046875,0.94873046875
577,49,0.8683533960459183,0.2998046875,0.94775390625
578,51,0.8383693321078431,0.267333984375,0.95068359375
579,50,0.8578759765625,0.389892578125,0.94189453125
580,51,0.8452818627450981,0.2880859375,0.94677734375
581,50,0.843876953125,0.291748046875,0.9501953125
582,49,0.8539291693239796,0.35009765625,0.94677734375
583,50,0.836318359375,0.264404296875,0.9365234375
584,50,0.8452294921875,0.2841796875,0.935546875
585,53,0.8284750884433962,0.276611328125,0.94482421875
586,50,0.8462255859375,0.2568359375,0.943359375
587,50,0.8556396484375,0.251953125,0.9384765625
588,52,0.8253831129807693,0.272705078125,0.94091796875
589,50,0.830205078125,0.27197265625,0.9326171875
590,50,0.827080078125,0.259033203125,0.93798828125
591,47,0.857904961768617,0.34521484375,0.94677734375
592,48,0.8496958414713541,0.37060546875,0.9326171875
593,49,0.828369140625,0.294677734375,0.939453125
594,48,0.8371225992838541,0.289306640625,0.9404296875
595,50,0.8408251953125,0.374755859375,0.92724609375
596,50,0.8440380859375,0.294921875,0.94189453125
597,50,0.8485107421875,0.280517578125,0.92919921875
598,48,0.8656972249348959,0.35498046875,0.93701171875
599,46,0.8773830247961957,0.330322265625,0.9365234375
600,46,0.8776218580163043,0.401123046875,0.93408203125
601,48,0.8566029866536459,0.333251953125,0.94287109375
602,50,0.8386181640625,0.269775390625,0.92724609375
603,46,0.8735245414402174,0.3486328125,0.9423828125
604,48,0.8552195231119791,0.309814453125,0.931640625
605,46,0.8800898012907609,0.254150390625,0.93359375
606,47,0.8716028091755319,0.351318359375,0.94189453125
607,46,0.8913786514945652,0.767578125,0.93701171875
608,47,0.8782984956781915,0.352294921875,0.9560546875
609,47,0.8674887799202128,0.269775390625,0.93212890625
610,49,0.8573969626913265,0.28466796875,0.9365234375
611,49,0.8548608896683674,0.26904296875,0.9482421875
612,48,0.8608194986979166,0.291015625,0.9306640625
613,47,0.8697016289893617,0.306640625,0.95947265625
614,47,0.8619410738031915,0.260498046875,0.93408203125
615,47,0.8634370844414894,0.259033203125,0.93994140625
616,46,0.8700322690217391,0.282470703125,0.953125
617,47,0.874033826462766,0.35302734375,0.927734375
618,47,0.8830098902925532,0.548828125,0.94677734375
619,49,0.8610441246811225,0.26220703125,0.94873046875
620,47,0.8852227393617021,0.77880859375,0.94189453125
621,49,0.8645866549744898,0.3408203125,0.96240234375
622,47,0.8734468500664894,0.447509765625,0.92724609375
623,47,0.868901678856383,0.37109375,0.94482421875
624,47,0.8681173121675532,0.385009765625,0.92919921875
625,45,0.8801106770833333,0.4912109375,0.9541015625
626,48,0.8442230224609375,0.265869140625,0.9560546875
627,48,0.8553822835286459,0.349609375,0.93310546875
628,47,0.8722780917553191,0.5205078125,0.9375
629,45,0.8891818576388889,0.71240234375,0.93994140625
630,46,0.8641728940217391,0.250244140625,0.955078125
631,44,0.8865411931818182,0.38037109375,0.9580078125
632,45,0.8682725694444444,0.290283203125,0.9580078125
633,45,0.8657986111111111,0.27978515625,0.943359375
634,43,0.8795762172965116,0.25830078125,0.9423828125
635,44,0.881103515625,0.36572265625,0.95361328125
636,44,0.8821300159801136,0.400634765625,0.93212890625
637,44,0.8854869495738636,0.4677734375,0.93603515625
638,44,0.8827792080965909,0.474609375,0.9384765625
639,45,0.8703342013888888,0.4775390625,0.9208984375
640,44,0.8840997869318182,0.69921875,0.94873046875
641,44,0.8788396661931818,0.5205078125,0.9287109375
642,43,0.8782703488372093,0.29833984375,0.93115234375
643,44,0.8700450550426136,0.3896484375,0.9287109375
644,43,0.8798884901889535,0.403564453125,0.94677734375
645,44,0.8769864169034091,0.5185546875,0.93408203125
646,43,0.8886264534883721,0.72265625,0.93310546875
647,44,0.8898592862215909,0.7919921875,0.93408203125
648,45,0.8768391927083333,0.316650390625,0.94091796875
649,46,0.8695652173913043,0.26513671875,0.93017578125
650,45,0.8781629774305556,0.330322265625,0.935546875
651,45,0.8788411458333333,0.39990234375,0.927734375
652,45,0.8779405381944444,0.59619140625,0.94140625
653,43,0.8933162245639535,0.77734375,0.931640625
654,44,0.8765314275568182,0.32861328125,0.927734375
655,44,0.8766867897727273,0.32080078125,0.94580078125
656,42,0.8951939174107143,0.84814453125,0.927734375
657,43,0.8825286155523255,0.29248046875,0.9326171875
658,42,0.8994838169642857,0.86865234375,0.93017578125
659,44,0.8719260475852273,0.34423828125,0.9306640625
660,43,0.8856740552325582,0.373046875,0.927734375
661,43,0.8805811682412791,0.307373046875,0.92041015625
662,42,0.8955310639880952,0.830078125,0.92919921875
663,42,0.8933454241071429,0.78515625,0.93701171875
664,43,0.8829941860465116,0.5302734375,0.92822265625
665,43,0.8829374091569767,0.72509765625,0.92822265625
666,44,0.8600352894176136,0.373779296875,0.92919921875
667,42,0.8704775855654762,0.3173828125,0.93603515625
668,42,0.8625837053571429,0.3876953125,0.93115234375
669,42,0.8648681640625,0.447509765625,0.94189453125
670,41,0.8673006383384146,0.400634765625,0.93115234375
671,39,0.8706117287660257,0.307373046875,0.9267578125
672,38,0.8831594366776315,0.63330078125,0.9208984375
673,36,0.8968505859375,0.8427734375,0.93408203125
674,37,0.8798498205236487,0.416748046875,0.92724609375
675,36,0.8940565321180556,0.80810546875,0.9228515625
676,36,0.8927544487847222,0.7919921875,0.93310546875
677,36,0.8884819878472222,0.7578125,0.91748046875
678,36,0.8891194661458334,0.7880859375,0.94384765625
679,36,0.8751559787326388,0.316650390625,0.93017578125
680,37,0.865749049831081,0.4609375,0.9306640625
681,37,0.8587217588682432,0.401611328125,0.92431640625
682,34,0.8907973345588235,0.79052734375,0.9189453125
683,35,0.8692243303571429,0.29736328125,0.9306640625
684,36,0.8672281901041666,0.42724609375,0.93212890625
685,34,0.8892750459558824,0.81982421875,0.9228515625
686,36,0.8595038519965278,0.286865234375,0.92236328125
687,34,0.8946892233455882,0.8447265625,0.9208984375
688,34,0.8931956571691176,0.8408203125,0.9189453125
689,35,0.8794712611607143,0.303955078125,0.9365234375
690,34,0.8963551240808824,0.82763671875,0.9306640625
691,35,0.8787109375,0.28369140625,0.923828125
692,34,0.8969870174632353,0.8447265625,0.931640625
693,35,0.8773297991071428,0.26904296875,0.92626953125
694,34,0.8958812040441176,0.85595703125,0.93359375
695,37,0.8526578336148649,0.287841796875,0.93701171875
696,38,0.8501040810032895,0.401611328125,0.9345703125
697,36,0.8803575303819444,0.546875,0.93310546875
698,37,0.8671677048141891,0.406494140625,0.93017578125
699,37,0.8707638302364865,0.27197265625,0.943359375
700,35,0.8962193080357143,0.78466796875,0.94580078125
701,37,0.8738584776182432,0.402587890625,0.93310546875
702,38,0.8655556126644737,0.345947265625,0.93701171875
703,36,0.8909912109375,0.6259765625,0.93310546875
704,37,0.8751187711148649,0.43115234375,0.93896484375
705,36,0.8897705078125,0.689453125,0.9521484375
706,35,0.8891462053571428,0.58203125,0.9375
707,37,0.8701369826858109,0.383056640625,0.9462890625
708,38,0.8604350842927632,0.304931640625,0.95166015625
709,37,0.8652145798141891,0.287841796875,0.9365234375
710,38,0.853406404194079,0.325927734375,0.958984375
711,39,0.8403257712339743,0.25830078125,0.94091796875
712,37,0.8780748521959459,0.57666015625,0.9287109375
713,37,0.8734823690878378,0.3857421875,0.95751953125
714,37,0.8832611908783784,0.59716796875,0.93212890625
715,36,0.8897840711805556,0.6748046875,0.96142578125
716,36,0.8836941189236112,0.5302734375,0.9443359375
717,36,0.8861762152777778,0.6826171875,0.94091796875
718,36,0.8769938151041666,0.546875,0.958984375
719,37,0.8754354940878378,0.58984375,0.9375
720,38,0.8697445518092105,0.59716796875,0.95751953125
721,37,0.8815324113175675,0.63232421875,0.96923828125
722,37,0.8676097972972973,0.263671875,0.92626953125
723,38,0.8686266447368421,0.55078125,0.962890625
724,38,0.8812577097039473,0.61962890625,0.97509765625
725,37,0.8696421030405406,0.30908203125,0.94921875
726,38,0.8719675164473685,0.62353515625,0.9638671875
727,39,0.8589806189903846,0.285400390625,0.92431640625
728,39,0.8681765825320513,0.3603515625,0.955078125
729,41,0.8614293540396342,0.401611328125,0.95068359375
730,40,0.8735107421875,0.52734375,0.939453125
731,43,0.8504950944767442,0.352294921875,0.9658203125
732,41,0.8663419397865854,0.59375,0.92578125
733,40,0.867431640625,0.28369140625,0.9521484375
734,38,0.8829795435855263,0.525390625,0.94677734375
735,38,0.8783922697368421,0.486328125,0.9541015625
736,38,0.8916272615131579,0.72314453125,0.96435546875
737,38,0.8894685444078947,0.658203125,0.9658203125
738,39,0.8835324018429487,0.402587890625,0.951171875
739,39,0.8882962740384616,0.69921875,0.96044921875
740,39,0.8890349559294872,0.73095703125,0.96142578125
741,39,0.8921148838141025,0.6767578125,0.96484375
742,39,0.8915389623397436,0.6416015625,0.9658203125
743,39,0.8957331730769231,0.8115234375,0.955078125
744,40,0.88671875,0.60498046875,0.9619140625
745,40,0.89029541015625,0.7705078125,0.96044921875
746,41,0.8881955030487805,0.70068359375,0.958984375
747,41,0.8952219893292683,0.77587890625,0.96044921875
748,42,0.8881138392857143,0.71240234375,0.9609375
749,43,0.8913290334302325,0.68701171875,0.96337890625
750,43,0.8916469840116279,0.80810546875,0.953125
751,43,0.8925327034883721,0.70556640625,0.96142578125
752,43,0.8973246729651163,0.8154296875,0.958984375
753,44,0.8844659978693182,0.58154296875,0.96044921875
754,46,0.872664741847826,0.29345703125,0.96435546875
755,46,0.8741083559782609,0.4794921875,0.95263671875
756,47,0.8688237616356383,0.312255859375,0.9599609375
757,48,0.876953125,0.62158203125,0.94775390625
758,48,0.8781636555989584,0.4912109375,0.96044921875
759,47,0.8818671043882979,0.3115234375,0.958984375
760,49,0.8762456154336735,0.5888671875,0.9580078125
761,49,0.8854332748724489,0.64892578125,0.96240234375
762,51,0.8733963311887255,0.381103515625,0.94287109375
763,49,0.8908143335459183,0.7880859375,0.962890625
764,49,0.89306640625,0.8173828125,0.95068359375
765,50,0.881005859375,0.259765625,0.96044921875
766,50,0.89197265625,0.609375,0.95068359375
767,50,0.89296875,0.75927734375,0.95263671875
768,51,0.8919079350490197,0.80322265625,0.9599609375
769,51,0.894253599877451,0.8154296875,0.94873046875
770,51,0.8937078737745098,0.81298828125,0.96142578125
771,53,0.8822182709316038,0.436767578125,0.94775390625
772,53,0.89013671875,0.5947265625,0.9560546875
773,54,0.8881112557870371,0.5302734375,0.95947265625
774,55,0.8931995738636364,0.72021484375,0.94287109375
775,55,0.8935280539772728,0.83349609375,0.95556640625
776,55,0.8939009232954546,0.81982421875,0.9384765625
777,57,0.8773343270285088,0.282958984375,0.95654296875
778,55,0.8926136363636363,0.841796875,0.95703125
779,55,0.8938299005681818,0.822265625,0.94775390625
780,57,0.8876696134868421,0.60693359375,0.96044921875
781,57,0.8881921600877193,0.708984375,0.94189453125
782,57,0.8954821134868421,0.8291015625,0.9599609375
783,57,0.8936146518640351,0.83544921875,0.95166015625
784,57,0.8936060855263158,0.83447265625,0.9482421875
785,58,0.8877963362068966,0.42333984375,0.955078125
786,57,0.8933576617324561,0.806640625,0.9345703125
787,59,0.8795848781779662,0.25244140625,0.9580078125
788,58,0.8823705212823276,0.267333984375,0.95166015625
789,57,0.8875496847587719,0.5029296875,0.9560546875
790,58,0.8846477640086207,0.4658203125,0.96142578125
791,58,0.8771551724137931,0.356689453125,0.94140625
792,58,0.8881751751077587,0.501953125,0.95703125
793,58,0.887994174299569,0.279052734375,0.95654296875
794,57,0.8954478481359649,0.82958984375,0.9541015625
795,58,0.8791082974137931,0.326904296875,0.95361328125
796,57,0.8891173245614035,0.5146484375,0.94287109375
797,58,0.8851192079741379,0.263671875,0.95654296875
798,59,0.8777269266419492,0.2744140625,0.94775390625
799,58,0.888250942887931,0.43017578125,0.955078125
800,57,0.8960303591008771,0.830078125,0.94189453125
801,57,0.8918071546052632,0.65380859375,0.94482421875
802,57,0.895593475877193,0.69580078125,0.95458984375
803,57,0.8847613418311403,0.251708984375,0.94189453125
804,56,0.89910888671875,0.82568359375,0.9541015625
805,56,0.8967633928571429,0.8388671875,0.9423828125
806,57,0.8856693736293859,0.382080078125,0.9462890625
807,61,0.8699050653176229,0.260498046875,0.953125
808,60,0.88094482421875,0.320068359375,0.94384765625
809,60,0.8843017578125,0.3583984375,0.95654296875
810,60,0.87967529296875,0.420654296875,0.93701171875
811,60,0.8761474609375,0.275634765625,0.94384765625
812,59,0.8918746689618644,0.5400390625,0.9501953125
813,60,0.8849527994791667,0.42431640625,0.94189453125
814,59,0.8954829846398306,0.806640625,0.9541015625
815,59,0.8954829846398306,0.8173828125,0.94482421875
816,60,0.8878173828125,0.6162109375,0.939453125
817,61,0.8895283683401639,0.69091796875,0.9541015625
818,62,0.8692351310483871,0.2666015625,0.94189453125
819,61,0.8788862384733607,0.3173828125,0.955078125
820,60,0.8930826822916667,0.6298828125,0.9384765625
821,60,0.8902669270833333,0.56591796875,0.9404296875
822,62,0.876067130796371,0.273681640625,0.9501953125
823,60,0.8876505533854167,0.416748046875,0.93896484375
824,61,0.8868788422131147,0.5029296875,0.9541015625
825,61,0.8861063972848361,0.401611328125,0.9365234375
826,60,0.893115234375,0.8291015625,0.93994140625
827,60,0.8947102864583333,0.82568359375,0.94970703125
828,61,0.8856621413934426,0.47265625,0.93798828125
829,61,0.8891481493340164,0.401611328125,0.95361328125
830,62,0.8867581275201613,0.65771484375,0.93994140625
831,63,0.8857809399801587,0.6123046875,0.94482421875
832,63,0.8845757378472222,0.361083984375,0.94873046875
833,63,0.8902142237103174,0.732421875,0.94189453125
834,63,0.8839673239087301,0.4892578125,0.96240234375
835,61,0.894195056352459,0.841796875,0.9365234375
836,61,0.8930984246926229,0.81982421875,0.9443359375
837,62,0.8872109690020161,0.316650390625,0.94921875
838,61,0.8942911116803278,0.814453125,0.94091796875
839,61,0.8967004994877049,0.80078125,0.9541015625
840,61,0.8965404072745902,0.83984375,0.93896484375
841,61,0.8927061987704918,0.77978515625,0.94189453125
842,62,0.8972798009072581,0.8173828125,0.9423828125
843,62,0.8954605594758065,0.83642578125,0.94189453125
844,63,0.8888888888888888,0.5478515625,0.94775390625
845,64,0.892822265625,0.7646484375,0.94189453125
846,64,0.8953704833984375,0.84814453125,0.9365234375
847,65,0.89501953125,0.7138671875,0.94677734375
848,66,0.8925411339962122,0.63330078125,0.94189453125
849,66,0.8938802083333334,0.82666015625,0.943359375
850,68,0.8860150505514706,0.291015625,0.9541015625
851,68,0.8928940716911765,0.6513671875,0.9365234375
852,68,0.8964700137867647,0.818359375,0.95166015625
853,69,0.8934697690217391,0.615234375,0.93896484375
854,70,0.8906110491071428,0.693359375,0.94189453125
855,70,0.8954310825892857,0.75341796875,0.95166015625
856,71,0.8928669674295775,0.75634765625,0.93408203125
857,71,0.8943043023767606,0.8232421875,0.94482421875
858,71,0.8960029709507042,0.8271484375,0.94580078125
859,73,0.8897220141267124,0.55810546875,0.93896484375
860,73,0.8925246147260274,0.751953125,0.9580078125
861,73,0.892798854880137,0.77880859375,0.93798828125
862,72,0.8940836588541666,0.82421875,0.951171875
863,75,0.88029296875,0.33544921875,0.94287109375
864,75,0.8905533854166666,0.5029296875,0.94189453125
865,76,0.8837376644736842,0.25830078125,0.9501953125
866,75,0.89095703125,0.7578125,0.9365234375
867,76,0.8825265984786185,0.254638671875,0.95556640625
868,75,0.8923111979166667,0.78662109375,0.93603515625
869,77,0.8818137428977273,0.356689453125,0.94970703125
870,77,0.8903713474025974,0.689453125,0.94677734375
871,78,0.8842491736778846,0.253173828125,0.94140625
872,80,0.884576416015625,0.5400390625,0.9462890625
873,81,0.8801631221064815,0.275146484375,0.9384765625
874,82,0.8829226610137195,0.345947265625,0.94580078125
875,83,0.8835596291415663,0.43310546875,0.9521484375
876,84,0.8801792689732143,0.5068359375,0.9287109375
877,85,0.8714412913602941,0.271240234375,0.94482421875
878,83,0.8899072853915663,0.72021484375,0.93701171875
879,83,0.8906779461596386,0.74169921875,0.9443359375
880,85,0.8835047104779412,0.400634765625,0.953125
881,84,0.8905901227678571,0.6669921875,0.9365234375
882,84,0.8922235398065477,0.81982421875,0.94287109375
883,84,0.8913864862351191,0.75439453125,0.9482421875
884,85,0.8840533088235294,0.5283203125,0.947265625
885,87,0.877404925466954,0.299072265625,0.9501953125
886,86,0.8834398846293605,0.393310546875,0.93505859375
887,85,0.8957778033088235,0.83642578125,0.94384765625
888,86,0.8871644485828488,0.251708984375,0.94189453125
889,86,0.8887485238008721,0.320068359375,0.94921875
890,87,0.8881386943247126,0.5302734375,0.94482421875
891,88,0.8786510120738636,0.294921875,0.94189453125
892,87,0.8874595905172413,0.56298828125,0.943359375
893,87,0.8790072737068966,0.3115234375,0.9404296875
894,87,0.8803121632543104,0.254638671875,0.94482421875
895,87,0.8859105603448276,0.2666015625,0.94970703125
896,87,0.8897775233477011,0.57861328125,0.95068359375
897,87,0.8951149425287356,0.81103515625,0.95751953125
898,88,0.8854481090198864,0.33984375,0.953125
899,89,0.8888803546348315,0.56884765625,0.9541015625
900,89,0.8891656425561798,0.61767578125,0.9345703125
901,89,0.8828481609901685,0.271240234375,0.9423828125
902,88,0.8923228870738636,0.75048828125,0.93701171875
903,89,0.8877062851123596,0.59814453125,0.94140625
904,90,0.8875949435763889,0.320068359375,0.9521484375
905,90,0.8869900173611112,0.32080078125,0.947265625
906,91,0.8822812929258241,0.359375,0.93701171875
907,91,0.8845778245192307,0.6142578125,0.95751953125
908,92,0.8844790251358695,0.583984375,0.93896484375
909,93,0.8770607568884409,0.43017578125,0.94775390625
910,95,0.8683645148026315,0.257568359375,0.9521484375
911,92,0.8797288977581522,0.30322265625,0.9541015625
912,93,0.8741625714045699,0.2744140625,0.955078125
913,91,0.885986328125,0.362060546875,0.95166015625
914,93,0.8774072790658602,0.28369140625,0.9541015625
915,91,0.8925191019917582,0.59375,0.947265625
916,91,0.8878536014766484,0.325927734375,0.953125
917,91,0.8881648137019231,0.414794921875,0.95361328125
918,90,0.8905327690972222,0.6884765625,0.94287109375
919,92,0.8815440302309783,0.259765625,0.9482421875
920,94,0.874007854055851,0.26123046875,0.94189453125
921,93,0.8853169102822581,0.529296875,0.9521484375
922,93,0.8834871681787635,0.438720703125,0.96630859375
923,93,0.8843928511424731,0.373046875,0.94189453125
924,93,0.8840568296370968,0.31396484375,0.94091796875
925,93,0.8864457325268817,0.32763671875,0.95458984375
926,93,0.891622563844086,0.74755859375,0.93798828125
927,93,0.893118909610215,0.83544921875,0.95361328125
928,94,0.8904691655585106,0.658203125,0.955078125
929,94,0.886342150099734,0.453369140625,0.966796875
930,96,0.8795623779296875,0.256103515625,0.96044921875
931,96,0.8809102376302084,0.304931640625,0.95263671875
932,94,0.8944429438164894,0.841796875,0.94677734375
933,94,0.892583319481383,0.71533203125,0.93798828125
934,94,0.8895964926861702,0.5361328125,0.962890625
935,93,0.8948095178091398,0.83740234375,0.953125
936,94,0.885635700631649,0.304931640625,0.9423828125
937,93,0.8940377184139785,0.8408203125,0.95849609375
938,94,0.8899886760305851,0.422607421875,0.95458984375
939,93,0.8939589633736559,0.82763671875,0.94970703125
940,93,0.8951087869623656,0.83984375,0.9404296875
941,93,0.8948935231854839,0.85205078125,0.94140625
942,95,0.8908871299342105,0.71240234375,0.9599609375
943,95,0.8881578947368421,0.5556640625,0.9462890625
944,94,0.8939858294547872,0.84326171875,0.958984375
945,94,0.8952325049867021,0.845703125,0.9501953125
946,94,0.8927755152925532,0.8427734375,0.9541015625
947,95,0.889635587993421,0.260498046875,0.9716796875
948,94,0.8925002077792553,0.83349609375,0.94873046875
949,94,0.8948429188829787,0.84912109375,0.9560546875
950,95,0.8887669613486842,0.287841796875,0.95751953125
951,95,0.8930304276315789,0.7041015625,0.94873046875
952,95,0.894762541118421,0.81640625,0.96044921875
953,97,0.8860593186211341,0.373046875,0.94677734375
954,97,0.8881382893041238,0.521484375,0.95458984375
955,98,0.8859090999681123,0.444580078125,0.9658203125
956,96,0.8943430582682291,0.81396484375,0.953125
957,97,0.8887977206829897,0.3583984375,0.9443359375
958,98,0.8835249920280612,0.33984375,0.94677734375
959,98,0.8865692761479592,0.33984375,0.9501953125
960,97,0.8931821842783505,0.77197265625,0.9658203125
961,97,0.8964189352448454,0.8154296875,0.96435546875
962,97,0.8949490576675257,0.8154296875,0.9375
963,98,0.8891427176339286,0.309814453125,0.953125
964,98,0.8877451371173469,0.263671875,0.9453125
965,97,0.89404296875,0.82763671875,0.9716796875
966,98,0.8872319435586735,0.2998046875,0.9599609375
967,100,0.8804931640625,0.271240234375,0.94873046875
968,99,0.8863907630997475,0.3173828125,0.9658203125
969,98,0.888908541932398,0.369384765625,0.94677734375
970,98,0.8917659837372449,0.5361328125,0.97119140625
971,98,0.8915019132653061,0.796875,0.94580078125
972,99,0.8881096117424242,0.4619140625,0.9462890625
973,99,0.8938703440656566,0.5146484375,0.9599609375
974,100,0.8864013671875,0.26513671875,0.9375
975,99,0.8941514756944444,0.77978515625,0.9716796875
976,99,0.8920306581439394,0.8310546875,0.9541015625
977,100,0.8866064453125,0.28369140625,0.943359375
978,100,0.89421875,0.7490234375,0.9580078125
979,101,0.8873037206064357,0.5498046875,0.94287109375
980,101,0.8923654084158416,0.73876953125,0.97265625
981,102,0.8842534083946079,0.5087890625,0.96533203125
982,103,0.8837321753640777,0.49609375,0.96240234375
983,102,0.8882123161764706,0.6416015625,0.943359375
984,102,0.8827119715073529,0.4814453125,0.96533203125
985,102,0.8843730851715687,0.5478515625,0.9716796875
986,101,0.8855971534653465,0.43310546875,0.9501953125
987,102,0.8825157015931373,0.39501953125,0.9541015625
988,102,0.8869485294117647,0.5302734375,0.95166015625
989,102,0.8872740502450981,0.73095703125,0.96923828125
990,104,0.8859675480769231,0.57763671875,0.96826171875
991,105,0.8757138206845239,0.271240234375,0.95361328125
992,107,0.8668315566588785,0.32177734375,0.94580078125
993,104,0.8803476186899039,0.45703125,0.95263671875
994,102,0.8863118489583334,0.4111328125,0.9501953125
995,104,0.8838360126201923,0.60595703125,0.97314453125
996,104,0.8756080040564904,0.275146484375,0.958984375
997,104,0.8774390587439904,0.362060546875,0.96337890625
998,104,0.8732651930588943,0.286865234375,0.95361328125
999,102,0.8846722771139706,0.373779296875,0.94140625
1000,104,0.8727088341346154,0.251708984375,0.97509765625
1001,103,0.8780197587985437,0.2705078125,0.93359375
1002,103,0.8773702973300971,0.2744140625,0.96826171875
1003,102,0.8875660615808824,0.6875,0.94189453125
1004,103,0.8830921950849514,0.26123046875,0.9384765625
1005,103,0.8851259101941747,0.482421875,0.9736328125
1006,102,0.8855650658700981,0.49609375,0.94189453125
1007,105,0.870205543154762,0.2568359375,0.96728515625
1008,101,0.8908522199876238,0.8310546875,0.9404296875
1009,102,0.8844377106311274,0.273681640625,0.94677734375
1010,102,0.8870442708333334,0.4892578125,0.9658203125
1011,102,0.8892463235294118,0.73876953125,0.94677734375
1012,102,0.8901558670343137,0.65673828125,0.96923828125
1013,103,0.8846044447815534,0.59912109375,0.94677734375
1014,103,0.8827532425667476,0.272705078125,0.94287109375
1015,103,0.8806057531856796,0.436767578125,0.96826171875
1016,103,0.8800155491504854,0.26220703125,0.9365234375
1017,102,0.8906106387867647,0.77978515625,0.96728515625
1018,102,0.8874894684436274,0.68603515625,0.95361328125
1019,102,0.8854836856617647,0.63427734375,0.9501953125
1020,105,0.8704403831845238,0.2509765625,0.96484375
1021,103,0.8774698498179612,0.306640625,0.92919921875
1022,101,0.8854472849628713,0.71923828125,0.9658203125
1023,103,0.8699749696601942,0.2509765625,0.96337890625
1024,101,0.8849928449876238,0.70263671875,0.962890625
1025,100,0.8766015625,0.2705078125,0.96337890625
1026,100,0.8710498046875,0.294189453125,0.96337890625
1027,97,0.8873882490335051,0.59814453125,0.96337890625
1028,98,0.8773766342474489,0.27197265625,0.955078125
1029,97,0.8829735824742269,0.5869140625,0.9365234375
1030,99,0.8710345643939394,0.271240234375,0.9638671875
1031,99,0.8634242818813131,0.25830078125,0.96435546875
1032,99,0.862972991635101,0.253173828125,0.96337890625
1033,99,0.8570075757575758,0.254638671875,0.93359375
1034,96,0.877227783203125,0.259033203125,0.947265625
1035,95,0.881884765625,0.267333984375,0.953125
1036,96,0.8720372517903646,0.30810546875,0.93408203125
1037,96,0.8706309000651041,0.30810546875,0.953125
1038,94,0.8737039768949468,0.254638671875,0.9365234375
1039,93,0.8775542884744624,0.2646484375,0.9443359375
1040,91,0.8913869333791209,0.67236328125,0.9443359375
1041,91,0.8842397836538461,0.5224609375,0.93798828125
1042,91,0.8812027815934066,0.329345703125,0.962890625
1043,93,0.8708679855510753,0.251708984375,0.93896484375
1044,96,0.8591715494791666,0.28369140625,0.94189453125
1045,91,0.8853719522664835,0.57373046875,0.94873046875
1046,91,0.8790672218406593,0.462890625,0.94384765625
1047,92,0.8775900135869565,0.26123046875,0.97900390625
1048,91,0.8805025540865384,0.436767578125,0.93994140625
1049,93,0.8657147807459677,0.253173828125,0.95361328125
1050,93,0.8699649277553764,0.2509765625,0.95556640625
1051,92,0.8667682150135869,0.256103515625,0.939453125
1052,91,0.8744848901098901,0.30078125,0.9501953125
1053,93,0.864310315860215,0.2783203125,0.94873046875
1054,98,0.845817721619898,0.251708984375,0.95361328125
1055,93,0.8695947790658602,0.269775390625,0.97216796875
1056,90,0.8803765190972223,0.33544921875,0.93896484375
1057,93,0.864714591733871,0.338134765625,0.9423828125
1058,92,0.8728611158288043,0.3583984375,0.94873046875
1059,91,0.8659828940590659,0.271240234375,0.94189453125
1060,90,0.8776882595486111,0.320068359375,0.970703125
1061,90,0.8747911241319445,0.315673828125,0.939453125
1062,89,0.8766376623946629,0.26904296875,0.95458984375
1063,89,0.8788184691011236,0.26806640625,0.95068359375
1064,88,0.8762151544744318,0.290283203125,0.939453125
1065,85,0.892917049632353,0.84912109375,0.96142578125
1066,88,0.8790477405894886,0.275146484375,0.94091796875
1067,89,0.874706482619382,0.329345703125,0.94287109375
1068,89,0.8776197112008427,0.341552734375,0.97802734375
1069,87,0.8828433683548851,0.260498046875,0.94775390625
1070,90,0.8637288411458334,0.294921875,0.95068359375
1071,88,0.8707108931107954,0.25244140625,0.962890625
1072,86,0.8824661609738372,0.29248046875,0.947265625
1073,88,0.8676868785511364,0.26513671875,0.9501953125
1074,88,0.8741344105113636,0.2822265625,0.95166015625
1075,87,0.8816647584410919,0.253173828125,0.9482421875
1076,87,0.8767202092313219,0.275146484375,0.94287109375
1077,87,0.873358364762931,0.257568359375,0.94482421875
1078,88,0.872833251953125,0.320068359375,0.94091796875
1079,89,0.8658241529143258,0.3583984375,0.95751953125
1080,88,0.8647405450994318,0.253173828125,0.9521484375
1081,86,0.8808622138444767,0.404541015625,0.9404296875
1082,85,0.8833984375,0.4111328125,0.97021484375
1083,85,0.8841222426470589,0.6748046875,0.93994140625
1084,84,0.8840535481770834,0.406494140625,0.9404296875
1085,87,0.8758558952945402,0.329345703125,0.96533203125
1086,88,0.8671098188920454,0.34423828125,0.94775390625
1087,86,0.8815350199854651,0.57763671875,0.939453125
1088,87,0.8714922323994253,0.36474609375,0.9599609375
1089,85,0.8816693474264706,0.5400390625,0.9375
1090,85,0.8766457950367647,0.25830078125,0.9404296875
1091,84,0.8875616164434523,0.544921875,0.94482421875
1092,84,0.8841901506696429,0.29248046875,0.9423828125
1093,84,0.8879801432291666,0.59814453125,0.94189453125
1094,84,0.8901076543898809,0.7890625,0.95654296875
1095,84,0.8902122860863095,0.8056640625,0.9384765625
1096,86,0.8835420830305233,0.391357421875,0.94482421875
1097,86,0.8843341206395349,0.5068359375,0.9462890625
1098,86,0.8839508766351745,0.285400390625,0.94091796875
1099,88,0.878387451171875,0.368408203125,0.94580078125
1100,88,0.8813393332741477,0.453369140625,0.94482421875
1101,88,0.8858864524147727,0.69921875,0.955078125
1102,87,0.8880039960488506,0.763671875,0.9541015625
1103,88,0.8847101384943182,0.521484375,0.95166015625
1104,89,0.8764538711376404,0.256103515625,0.958984375
1105,90,0.8648030598958333,0.26123046875,0.9580078125
1106,87,0.8849115481321839,0.51953125,0.9501953125
1107,88,0.8835171786221591,0.517578125,0.958984375
1108,88,0.8812755237926136,0.39599609375,0.96630859375
1109,92,0.8567000679347826,0.26123046875,0.9541015625
1110,87,0.8846421515804598,0.3115234375,0.94189453125
1111,88,0.8783347389914773,0.3115234375,0.953125
1112,88,0.8757213245738636,0.357666015625,0.95361328125
1113,87,0.8852202316810345,0.4130859375,0.935546875
1114,88,0.87701416015625,0.285400390625,0.953125
1115,89,0.8752359111657303,0.322509765625,0.9609375
1116,88,0.8790699351917614,0.32080078125,0.95556640625
1117,88,0.8796164772727273,0.46484375,0.9404296875
1118,87,0.8762796336206896,0.33203125,0.966796875
1119,86,0.880226312681686,0.3720703125,0.962890625
1120,85,0.8886546415441177,0.4580078125,0.939453125
1121,85,0.8878274356617647,0.6611328125,0.97314453125
1122,84,0.8907993861607143,0.79443359375,0.943359375
1123,87,0.8755275682471264,0.3408203125,0.96533203125
1124,87,0.8824140176005747,0.51171875,0.958984375
1125,86,0.8781795058139535,0.47265625,0.9453125
1126,87,0.8715202945402298,0.3251953125,0.96337890625
1127,88,0.8774330832741477,0.418701171875,0.96728515625
1128,88,0.8676258433948864,0.28369140625,0.94287109375
1129,87,0.878350619612069,0.42724609375,0.939453125
1130,89,0.8683560832162921,0.310791015625,0.95703125
1131,87,0.8664663029813219,0.277587890625,0.9453125
1132,86,0.8681896121002907,0.260498046875,0.94189453125
1133,87,0.8615891029094828,0.281494140625,0.95947265625
1134,85,0.8800494025735294,0.462890625,0.95654296875
1135,85,0.8773006663602941,0.272705078125,0.94482421875
1136,87,0.8689133216594828,0.262939453125,0.939453125
1137,86,0.8774272120276163,0.452392578125,0.9638671875
1138,86,0.871681390806686,0.29736328125,0.95068359375
1139,87,0.8619847790948276,0.298583984375,0.9365234375
1140,86,0.8704748819040697,0.3955078125,0.9619140625
1141,83,0.876964890813253,0.5166015625,0.93994140625
1142,86,0.8543701171875,0.2646484375,0.943359375
1143,87,0.8587913074712644,0.26513671875,0.955078125
1144,85,0.8652659696691176,0.2666015625,0.94873046875
1145,85,0.8656221277573529,0.292236328125,0.947265625
1146,86,0.8694983194040697,0.251953125,0.9541015625
1147,87,0.8665308459051724,0.30908203125,0.9560546875
1148,85,0.8692526424632353,0.39501953125,0.95263671875
1149,85,0.8645278033088235,0.37744140625,0.955078125
1150,85,0.8571001838235294,0.36669921875,0.9541015625
1151,83,0.857189500188253,0.255615234375,0.9580078125
1152,81,0.870849609375,0.328857421875,0.9541015625
1153,82,0.8735530201981707,0.53515625,0.96630859375
1154,82,0.8501423161204268,0.253173828125,0.9521484375
1155,80,0.86361083984375,0.416748046875,0.94482421875
1156,80,0.860601806640625,0.3486328125,0.9423828125
1157,79,0.8629104034810127,0.26904296875,0.95166015625
1158,81,0.8495973186728395,0.294921875,0.95556640625
1159,80,0.856866455078125,0.26220703125,0.943359375
1160,79,0.8557345233386076,0.262939453125,0.94873046875
1161,78,0.8658760266426282,0.392822265625,0.96044921875
1162,77,0.8691184303977273,0.369384765625,0.9306640625
1163,77,0.8752885298295454,0.289306640625,0.95703125
1164,77,0.875684862012987,0.5205078125,0.9609375
1165,77,0.872171773538961,0.42333984375,0.951171875
1166,77,0.8687728287337663,0.253173828125,0.9541015625
1167,78,0.8587677784455128,0.2568359375,0.95458984375
1168,76,0.8670333059210527,0.32421875,0.93701171875
1169,78,0.8626395983573718,0.35009765625,0.9541015625
1170,77,0.858499898538961,0.25244140625,0.94921875
1171,76,0.8638594777960527,0.329345703125,0.9443359375
1172,79,0.8525267009493671,0.259033203125,0.93994140625
1173,77,0.8610205712256493,0.251220703125,0.93798828125
1174,77,0.862399807224026,0.2958984375,0.94677734375
1175,76,0.8738371196546053,0.388671875,0.9306640625
1176,77,0.8673967633928571,0.513671875,0.9462890625
1177,77,0.8563692167207793,0.32763671875,0.94921875
1178,78,0.8530555138221154,0.282958984375,0.94140625
1179,76,0.8658832750822368,0.29833984375,0.93798828125
1180,74,0.873508762668919,0.537109375,0.939453125
1181,76,0.8671168277138158,0.30859375,0.94287109375
1182,76,0.8590312756990132,0.296630859375,0.939453125
1183,75,0.8610188802083333,0.453369140625,0.9521484375
1184,76,0.851026033100329,0.281494140625,0.93896484375
1185,75,0.8465885416666666,0.290283203125,0.94140625
1186,71,0.8634841274207746,0.277587890625,0.94384765625
1187,73,0.8530641320633562,0.26513671875,0.9326171875
1188,71,0.8673938160211268,0.3544921875,0.953125
1189,72,0.8684455023871528,0.299560546875,0.9541015625
1190,72,0.8567335340711806,0.254150390625,0.93505859375
1191,73,0.8494287778253424,0.287353515625,0.94677734375
1192,72,0.8503824869791666,0.2548828125,0.94189453125
1193,72,0.8588189019097222,0.3486328125,0.9423828125
1194,73,0.8422249571917808,0.2880859375,0.95458984375
1195,70,0.8655517578125,0.393310546875,0.9423828125
1196,72,0.8462660047743056,0.306640625,0.94091796875
1197,73,0.8384156945633562,0.254638671875,0.94970703125
1198,69,0.8612042855525363,0.369873046875,0.93701171875
1199,69,0.8577509341032609,0.290283203125,0.95556640625
1200,68,0.8636941348805147,0.3857421875,0.9541015625
1201,68,0.8549266142003676,0.259033203125,0.93603515625
1202,68,0.8687313304227942,0.42724609375,0.94482421875
1203,67,0.8659449335354478,0.318359375,0.9501953125
1204,67,0.8625852670242538,0.350830078125,0.94482421875
1205,67,0.862967875466418,0.250244140625,0.955078125
1206,69,0.8512369791666666,0.3154296875,0.94482421875
1207,68,0.8626852596507353,0.33056640625,0.93994140625
1208,69,0.8510459125905797,0.254638671875,0.94482421875
1209,67,0.8671802122201493,0.346923828125,0.9375
1210,67,0.8709006238339553,0.325439453125,0.958984375
1211,69,0.8548920120018116,0.350341796875,0.95166015625
1212,69,0.8543011209239131,0.309326171875,0.9375
1213,70,0.8496268136160714,0.260498046875,0.94677734375
1214,69,0.8517854110054348,0.259033203125,0.94482421875
1215,69,0.8395146908967391,0.25537109375,0.9482421875
1216,68,0.8381275850183824,0.26513671875,0.9521484375
1217,67,0.8410425897854478,0.2548828125,0.93505859375
1218,67,0.8511215893190298,0.254638671875,0.94140625
1219,66,0.8497721354166666,0.253173828125,0.943359375
1220,65,0.8506009615384615,0.2568359375,0.93408203125
1221,63,0.8696870349702381,0.367919921875,0.9443359375
1222,64,0.8648490905761719,0.31103515625,0.94482421875
1223,65,0.8536170372596154,0.328857421875,0.93212890625
1224,67,0.8348479769123134,0.253173828125,0.93798828125
1225,66,0.849801728219697,0.328125,0.9609375
1226,66,0.8373986446496212,0.251220703125,0.93701171875
1227,64,0.8526382446289062,0.282958984375,0.95166015625
1228,66,0.837820342092803,0.2958984375,0.95703125
1229,64,0.8418235778808594,0.266357421875,0.9345703125
1230,63,0.8597974020337301,0.29150390625,0.94287109375
1231,63,0.8574916294642857,0.263671875,0.9541015625
1232,65,0.8466609074519231,0.263671875,0.9501953125
1233,65,0.8588566706730769,0.312744140625,0.94970703125
1234,66,0.8518177379261364,0.345458984375,0.95361328125
1235,67,0.8512746326958955,0.30126953125,0.9443359375
1236,71,0.8405073998679577,0.2744140625,0.9462890625
1237,71,0.8262887874119719,0.2548828125,0.95166015625
1238,68,0.8603946461397058,0.27001953125,0.95458984375
1239,66,0.8761245265151515,0.282958984375,0.966796875
1240,68,0.8539213292738971,0.263916015625,0.94775390625
1241,66,0.8789136482007576,0.39501953125,0.94482421875
1242,66,0.8760098544034091,0.416748046875,0.94091796875
1243,66,0.8747817530776515,0.287353515625,0.94921875
1244,67,0.873221781716418,0.259521484375,0.9697265625
1245,68,0.8636797736672794,0.251708984375,0.93896484375
1246,69,0.8680331465126812,0.37109375,0.93994140625
1247,69,0.8770238903985508,0.54296875,0.96484375
1248,69,0.8708071501358695,0.381591796875,0.93798828125
1249,70,0.8674874441964285,0.384033203125,0.955078125
1250,69,0.8712175894474637,0.3525390625,0.939453125
1251,69,0.8669822803442029,0.330322265625,0.9384765625
1252,71,0.8530926771566901,0.260498046875,0.9560546875
1253,68,0.8720164579503676,0.35791015625,0.9384765625
1254,67,0.8776345324160447,0.281494140625,0.953125
1255,68,0.8759837431066176,0.37158203125,0.9599609375
1256,68,0.8707275390625,0.2998046875,0.92822265625
1257,70,0.8634486607142857,0.287353515625,0.9345703125
1258,73,0.8610672624143836,0.299072265625,0.9443359375
1259,73,0.861281303510274,0.381103515625,0.94384765625
1260,72,0.8598225911458334,0.260986328125,0.9580078125
1261,73,0.8582512842465754,0.3203125,0.94873046875
1262,71,0.865598866637324,0.2685546875,0.93505859375
1263,73,0.865314640410959,0.29052734375,0.9453125
1264,74,0.8545086834881757,0.253173828125,0.93701171875
1265,72,0.8654988606770834,0.254150390625,0.9267578125
1266,72,0.8687405056423612,0.259765625,0.9599609375
1267,71,0.873139717209507,0.32080078125,0.94873046875
1268,71,0.8700174680897887,0.374755859375,0.92431640625
1269,73,0.8687593642979452,0.282470703125,0.95751953125
1270,74,0.858791042018581,0.271728515625,0.9404296875
1271,75,0.8583203125,0.275146484375,0.935546875
1272,76,0.8617039730674342,0.26513671875,0.95654296875
1273,76,0.863843415912829,0.28662109375,0.94140625
1274,75,0.8647786458333333,0.2783203125,0.92724609375
1275,81,0.8431170428240741,0.30126953125,0.94677734375
1276,78,0.8601888020833334,0.277587890625,0.93603515625
1277,79,0.8531818631329114,0.251708984375,0.95751953125
1278,80,0.8575958251953125,0.259521484375,0.9580078125
1279,80,0.8559539794921875,0.259521484375,0.94482421875
1280,80,0.858477783203125,0.30126953125,0.951171875
1281,81,0.8633596161265432,0.278564453125,0.94580078125
1282,81,0.865210262345679,0.286865234375,0.94873046875
1283,84,0.8506556919642857,0.296630859375,0.951171875
1284,82,0.8537567883003049,0.28466796875,0.953125
1285,80,0.86923828125,0.259765625,0.9365234375
1286,81,0.8609483506944444,0.2509765625,0.94189453125
1287,81,0.8690441743827161,0.325439453125,0.94384765625
1288,83,0.8610457454819277,0.30908203125,0.943359375
1289,82,0.8690959651295732,0.447509765625,0.943359375
1290,82,0.868967940167683,0.265869140625,0.9541015625
1291,85,0.8525850183823529,0.2548828125,0.93359375
1292,82,0.8683546112804879,0.26904296875,0.9482421875
1293,83,0.8636312829442772,0.289306640625,0.939453125
1294,84,0.8566603887648809,0.275146484375,0.94677734375
1295,88,0.83453369140625,0.265869140625,0.9375
1296,86,0.844493777252907,0.2509765625,0.9443359375
1297,89,0.8396846471207865,0.2880859375,0.9501953125
1298,87,0.8443308863146551,0.291748046875,0.93798828125
1299,87,0.8565379175646551,0.34765625,0.939453125
1300,88,0.84796142578125,0.329345703125,0.95654296875
1301,89,0.8446634699789326,0.294189453125,0.9443359375
1302,88,0.8444630015980114,0.257568359375,0.94140625
1303,89,0.8481637333216292,0.320068359375,0.935546875
1304,88,0.8504499955610796,0.254150390625,0.9375
1305,88,0.8539012562144886,0.267333984375,0.95654296875
1306,87,0.8591954022988506,0.3056640625,0.9365234375
1307,87,0.8664157911278736,0.438720703125,0.94140625
1308,88,0.8514848188920454,0.254638671875,0.94384765625
1309,88,0.8442022150213068,0.2666015625,0.93701171875
1310,90,0.8461398654513889,0.266357421875,0.9306640625
1311,89,0.8535869469803371,0.298583984375,0.947265625
1312,88,0.8529468883167614,0.32080078125,0.93408203125
1313,89,0.8490909190660112,0.2646484375,0.9365234375
1314,86,0.863037109375,0.30615234375,0.9453125
1315,90,0.8411756727430556,0.2646484375,0.9345703125
1316,87,0.8586032911278736,0.3115234375,0.9423828125
1317,86,0.8580634538517442,0.25390625,0.93310546875
1318,88,0.8444546786221591,0.26220703125,0.951171875
1319,85,0.8627039292279411,0.294189453125,0.935546875
1320,87,0.8450268274066092,0.2587890625,0.93359375
1321,84,0.8626389276413691,0.267333984375,0.95068359375
1322,85,0.8623362821691176,0.396484375,0.94189453125
1323,88,0.8619273792613636,0.267333984375,0.94189453125
1324,87,0.8674428654813219,0.252685546875,0.931640625
1325,91,0.8424890539148352,0.264404296875,0.9326171875
1326,93,0.8494649907594086,0.2509765625,0.94287109375
1327,90,0.8655219184027778,0.3115234375,0.92822265625
1328,92,0.8547628651494565,0.2568359375,0.94091796875
1329,90,0.8604302300347222,0.351806640625,0.93115234375
1330,89,0.8615091731039326,0.259033203125,0.943359375
1331,87,0.8662502244971264,0.260498046875,0.93994140625
1332,89,0.8497026422050562,0.2509765625,0.92626953125
1333,88,0.8574246493252841,0.285400390625,0.939453125
1334,89,0.8495462824789326,0.296630859375,0.93603515625
1335,88,0.8601962002840909,0.27587890625,0.94677734375
1336,88,0.8644048517400568,0.307373046875,0.92919921875
1337,86,0.8728282839752907,0.273681640625,0.92919921875
1338,86,0.8703868777252907,0.256103515625,0.9326171875
1339,88,0.8619606711647727,0.279541015625,0.92626953125
1340,84,0.8809494745163691,0.416748046875,0.94189453125
1341,86,0.8658106604287791,0.26220703125,0.92919921875
1342,83,0.8771913827183735,0.259033203125,0.93310546875
1343,82,0.8792784155868902,0.3037109375,0.935546875
1344,82,0.8809695360137195,0.37841796875,0.94775390625
1345,83,0.879126858998494,0.37890625,0.94091796875
1346,82,0.8845840081935976,0.400634765625,0.93017578125
1347,83,0.880591702748494,0.263916015625,0.9365234375
1348,86,0.8606127361918605,0.265869140625,0.931640625
1349,85,0.8741469439338235,0.30322265625,0.94873046875
1350,83,0.88134765625,0.25341796875,0.93017578125
1351,83,0.8831566500376506,0.313232421875,0.93701171875
1352,83,0.8837978868599398,0.265869140625,0.939453125
1353,85,0.8739602481617647,0.304443359375,0.927734375
1354,84,0.8838210332961309,0.403076171875,0.92822265625
1355,84,0.8816877092633929,0.414794921875,0.9345703125
1356,86,0.8728197674418605,0.310302734375,0.95166015625
1357,86,0.8708410928415697,0.319580078125,0.93017578125
1358,90,0.8583957248263889,0.330322265625,0.94677734375
1359,89,0.8579897076896067,0.251953125,0.95703125
1360,86,0.8706934729287791,0.27978515625,0.9365234375
1361,85,0.8801700367647058,0.30078125,0.953125
1362,85,0.8761747472426471,0.259765625,0.9365234375
1363,84,0.8836175827752977,0.254638671875,0.943359375
1364,85,0.8717514935661764,0.255615234375,0.93017578125
1365,84,0.8843994140625,0.640625,0.92626953125
1366,85,0.8765998391544118,0.267333984375,0.9375
1367,87,0.8642774559985632,0.25830078125,0.94140625
1368,85,0.8791963465073529,0.281494140625,0.943359375
1369,86,0.872047601744186,0.30029296875,0.9560546875
1370,85,0.8758444393382353,0.443603515625,0.92919921875
1371,85,0.8698701746323529,0.275146484375,0.9423828125
1372,82,0.8828005907012195,0.46875,0.94677734375
1373,82,0.8824105611661586,0.265869140625,0.94189453125
1374,82,0.8808028058307927,0.328857421875,0.951171875
1375,85,0.8648035386029411,0.31396484375,0.94482421875
1376,81,0.8883764949845679,0.66650390625,0.94482421875
1377,81,0.8833158516589507,0.323486328125,0.94189453125
1378,83,0.872093844126506,0.25390625,0.9384765625
1379,85,0.8662425321691176,0.302490234375,0.9287109375
1380,86,0.8643429778343024,0.28466796875,0.955078125
1381,86,0.8692144349563954,0.250244140625,0.935546875
1382,86,0.8783469976380814,0.309814453125,0.9609375
1383,85,0.8895278033088235,0.732421875,0.94189453125
1384,85,0.8865464154411765,0.5087890625,0.9287109375
1385,91,0.8546021849244505,0.2568359375,0.96826171875
1386,86,0.8793150436046512,0.494140625,0.92822265625
1387,88,0.8686773126775568,0.26904296875,0.958984375
1388,89,0.8584368416432584,0.2666015625,0.939453125
1389,87,0.8755275682471264,0.3251953125,0.96923828125
1390,88,0.8769780939275568,0.302490234375,0.931640625
1391,87,0.8821867142600575,0.277587890625,0.93701171875
1392,87,0.8799754175646551,0.333740234375,0.9384765625
1393,87,0.8795853538074713,0.3056640625,0.93212890625
1394,86,0.8830594794694767,0.452392578125,0.9580078125
1395,88,0.8652149547230114,0.273193359375,0.9599609375
1396,85,0.8800091911764706,0.32177734375,0.9599609375
1397,88,0.8646184747869318,0.30078125,0.931640625
1398,86,0.8775947038517442,0.517578125,0.970703125
1399,87,0.8700947377873564,0.310791015625,0.9482421875
1400,91,0.8554016783997253,0.3310546875,0.95556640625
1401,90,0.8500379774305555,0.259521484375,0.9384765625
1402,89,0.8515597568469101,0.26806640625,0.94287109375
1403,89,0.8586754959620787,0.26806640625,0.955078125
1404,87,0.8777332525143678,0.263671875,0.93603515625
1405,91,0.8544304816277473,0.29296875,0.96044921875
1406,87,0.8687589798850575,0.309326171875,0.94189453125
1407,88,0.8679976029829546,0.26513671875,0.9677734375
1408,89,0.8667623112710674,0.383544921875,0.92431640625
1409,93,0.8595718876008065,0.28173828125,0.96630859375
1410,91,0.8648426768543956,0.277099609375,0.9443359375
1411,93,0.8561066658266129,0.329345703125,0.96484375
1412,92,0.8582020635190217,0.2978515625,0.9375
1413,92,0.8578278914741848,0.2841796875,0.9267578125
1414,91,0.859117445054945,0.25634765625,0.94287109375
1415,93,0.8540327830981183,0.37109375,0.93212890625
1416,94,0.842524102393617,0.263671875,0.9287109375
1417,93,0.8579652847782258,0.35302734375,0.951171875
1418,93,0.8566658266129032,0.3310546875,0.9541015625
1419,94,0.8491133020279256,0.25830078125,0.93896484375
1420,95,0.853258634868421,0.26318359375,0.95703125
1421,95,0.8536852384868421,0.258056640625,0.93017578125
1422,93,0.8605143229166666,0.275146484375,0.95068359375
1423,94,0.8609099692486702,0.269287109375,0.93359375
1424,95,0.859912109375,0.27001953125,0.947265625
1425,99,0.8476266571969697,0.30615234375,0.94873046875
1426,99,0.8515797624684344,0.278564453125,0.953125
1427,94,0.8629565949135638,0.322509765625,0.95458984375
1428,96,0.8566792805989584,0.250244140625,0.93212890625
1429,97,0.8472308915914949,0.251220703125,0.94580078125
1430,96,0.8535563151041666,0.263916015625,0.95166015625
1431,93,0.8701618153561828,0.256103515625,0.93505859375
1432,97,0.8433825306056701,0.266357421875,0.95458984375
1433,94,0.8600217129321809,0.315673828125,0.93505859375
1434,95,0.8594084087171052,0.26220703125,0.95263671875
1435,96,0.8545125325520834,0.259765625,0.9541015625
1436,96,0.8513310750325521,0.271240234375,0.94482421875
1437,93,0.8749711231518817,0.263916015625,0.9541015625
1438,96,0.8546320597330729,0.272705078125,0.92578125
1439,94,0.873062458444149,0.363037109375,0.953125
1440,95,0.8649979440789474,0.289306640625,0.951171875
1441,92,0.8742012355638586,0.334228515625,0.955078125
1442,93,0.8659641717069892,0.25390625,0.9541015625
1443,91,0.8716517857142857,0.282958984375,0.953125
1444,89,0.8877227440308989,0.7734375,0.9619140625
1445,89,0.8841346997893258,0.79931640625,0.95654296875
1446,90,0.8832085503472222,0.525390625,0.94189453125
1447,89,0.8851880705758427,0.8056640625,0.9501953125
1448,89,0.8851990431882022,0.70556640625,0.93505859375
1449,89,0.8859287219101124,0.81396484375,0.962890625
1450,89,0.8817975333567416,0.68505859375,0.955078125
1451,89,0.8822419241573034,0.6669921875,0.93896484375
1452,90,0.8738444010416667,0.2958984375,0.9609375
1453,89,0.8782314343398876,0.34423828125,0.9443359375
1454,89,0.8786813114466292,0.43017578125,0.9599609375
1455,88,0.8845769708806818,0.7548828125,0.94921875
1456,88,0.8832785866477273,0.8115234375,0.939453125
1457,89,0.8766788096910112,0.53515625,0.94287109375
1458,88,0.8777077414772727,0.482421875,0.9208984375
1459,91,0.8624039534684066,0.27587890625,0.96044921875
1460,90,0.8714870876736112,0.290283203125,0.95263671875
1461,89,0.875024688377809,0.447509765625,0.953125
1462,90,0.867919921875,0.282958984375,0.94775390625
1463,89,0.8741468793890449,0.276611328125,0.93017578125
1464,89,0.8720867714185393,0.260498046875,0.95849609375
1465,89,0.8701939957865169,0.267333984375,0.953125
1466,88,0.8784318403764204,0.309814453125,0.9326171875
1467,87,0.8820099227729885,0.81640625,0.94677734375
1468,88,0.8795831853693182,0.3876953125,0.9306640625
1469,88,0.8781183416193182,0.29833984375,0.95849609375
1470,87,0.8847992995689655,0.78125,0.9462890625
1471,88,0.8786232688210227,0.34423828125,0.92529296875
1472,88,0.8754327947443182,0.2568359375,0.9541015625
1473,88,0.8785039728338068,0.415771484375,0.9306640625
1474,89,0.866479766502809,0.276611328125,0.962890625
1475,87,0.8787238460847702,0.337158203125,0.9638671875
1476,87,0.8805001795977011,0.61669921875,0.92724609375
1477,87,0.8783422009698276,0.356689453125,0.95947265625
1478,88,0.8745339133522727,0.3720703125,0.93115234375
1479,89,0.8637366134129213,0.29736328125,0.958984375
1480,87,0.8749242322198276,0.277587890625,0.96875
1481,86,0.8816428960755814,0.6669921875,0.93408203125
1482,85,0.8857651654411764,0.82421875,0.94921875
1483,86,0.8803285110828488,0.452392578125,0.9482421875
1484,89,0.8611717652738764,0.2666015625,0.9423828125
1485,87,0.8725333378232759,0.281494140625,0.9560546875
1486,86,0.8798373909883721,0.58154296875,0.9365234375
1487,88,0.866912841796875,0.30322265625,0.9423828125
1488,87,0.8684980019755747,0.27978515625,0.9306640625
1489,91,0.8446031507554945,0.267333984375,0.927734375
1490,85,0.8817153033088235,0.5869140625,0.931640625
1491,86,0.8718914652979651,0.316650390625,0.92138671875
1492,86,0.8739297556322675,0.333740234375,0.96337890625
1493,90,0.8519422743055556,0.2705078125,0.94091796875
1494,91,0.8485281808035714,0.296630859375,0.94140625
1495,87,0.8710713002873564,0.31396484375,0.94677734375
1496,86,0.8694188317587209,0.294921875,0.92138671875
1497,89,0.8557951852176966,0.273681640625,0.9638671875
1498,86,0.8571436682412791,0.277587890625,0.93701171875
1499,85,0.8663373161764706,0.303955078125,0.93115234375
1500,83,0.8792709902108434,0.6416015625,0.96337890625
1501,83,0.8727762612951807,0.43408203125,0.92236328125
1502,84,0.8642955961681548,0.2666015625,0.96728515625
1503,81,0.8796055169753086,0.69580078125,0.94921875
1504,83,0.8691788638930723,0.436767578125,0.927734375
1505,82,0.8708972465701219,0.3408203125,0.93359375
1506,84,0.8529779343377977,0.294921875,0.935546875
1507,83,0.8628665050828314,0.446533203125,0.9375
1508,80,0.870806884765625,0.66357421875,0.95751953125
1509,81,0.8620786313657407,0.303955078125,0.94140625
1510,80,0.8595733642578125,0.27978515625,0.92529296875
1511,80,0.863323974609375,0.55078125,0.94970703125
1512,80,0.85650634765625,0.318359375,0.9345703125
1513,77,0.8728185876623377,0.63427734375,0.95263671875
1514,78,0.8693002554086539,0.303955078125,0.9482421875
1515,78,0.8663267477964743,0.281494140625,0.9306640625
1516,79,0.8598818235759493,0.291015625,0.955078125
1517,79,0.8556788963607594,0.30810546875,0.92529296875
1518,80,0.8579345703125,0.33447265625,0.9462890625
1519,79,0.8709454113924051,0.42919921875,0.9541015625
1520,81,0.8633535879629629,0.39892578125,0.931640625
1521,78,0.8767152443910257,0.42626953125,0.9453125
1522,79,0.8694063983386076,0.32177734375,0.94384765625
1523,78,0.873466296073718,0.490234375,0.92626953125
1524,80,0.874078369140625,0.470703125,0.958984375
1525,79,0.8778431566455697,0.6826171875,0.92138671875
1526,80,0.86988525390625,0.29833984375,0.95263671875
1527,82,0.8578089272103658,0.337158203125,0.9482421875
1528,80,0.86029052734375,0.250244140625,0.9306640625
1529,78,0.8744522485977564,0.309814453125,0.96337890625
1530,78,0.8749060997596154,0.64794921875,0.9345703125
1531,79,0.8686276206487342,0.359375,0.93359375
1532,80,0.8584930419921875,0.250244140625,0.9521484375
1533,81,0.8495310088734568,0.350341796875,0.93310546875
1534,78,0.8629713792067307,0.319580078125,0.96533203125
1535,77,0.863287591314935,0.3486328125,0.92626953125
1536,76,0.8681190892269737,0.392333984375,0.9423828125
1537,76,0.8649838096217105,0.42333984375,0.94677734375
1538,77,0.866020698051948,0.2568359375,0.94580078125
1539,78,0.8623453776041666,0.445556640625,0.96875
1540,78,0.8618070162259616,0.454345703125,0.92529296875
1541,78,0.8616599058493589,0.391357421875,0.9384765625
1542,74,0.8748416385135135,0.5283203125,0.94189453125
1543,75,0.8704264322916667,0.376708984375,0.93310546875
1544,76,0.8605282432154605,0.286865234375,0.9638671875
1545,73,0.8754548373287672,0.5048828125,0.93310546875
1546,75,0.8690559895833333,0.291015625,0.9306640625
1547,74,0.8647328969594594,0.30810546875,0.931640625
1548,74,0.8733240076013513,0.56591796875,0.921875
1549,77,0.8700791396103896,0.34521484375,0.96533203125
1550,77,0.8626693131087663,0.3701171875,0.92724609375
1551,76,0.8645340768914473,0.2568359375,0.93359375
1552,76,0.858995939555921,0.262939453125,0.9228515625
1553,73,0.8722308433219178,0.50390625,0.93505859375
1554,74,0.8635616817989865,0.257568359375,0.9501953125
1555,75,0.8622428385416666,0.28857421875,0.931640625
1556,74,0.8659041121199325,0.262939453125,0.958984375
1557,75,0.85677734375,0.253173828125,0.9384765625
1558,77,0.866604099025974,0.478515625,0.9423828125
1559,76,0.8707692999588815,0.272705078125,0.93115234375
1560,74,0.8838286528716216,0.72802734375,0.9189453125
1561,76,0.8768503289473685,0.26513671875,0.96826171875
1562,78,0.8607553335336539,0.259765625,0.9306640625
1563,80,0.87125244140625,0.4072265625,0.9404296875
1564,81,0.8671000916280864,0.250244140625,0.95849609375
1565,82,0.8676311213795732,0.440673828125,0.931640625
1566,81,0.8743730709876543,0.35400390625,0.96826171875
1567,79,0.8868361847310127,0.7841796875,0.9326171875
1568,81,0.8740023389274691,0.273681640625,0.962890625
1569,80,0.88231201171875,0.6083984375,0.9404296875
1570,81,0.8757896894290124,0.2705078125,0.9326171875
1571,78,0.8894856770833334,0.76904296875,0.94873046875
1572,79,0.8827414210838608,0.281494140625,0.93701171875
1573,80,0.8815399169921875,0.356689453125,0.94775390625
1574,79,0.8875160700158228,0.740234375,0.94189453125
1575,83,0.8698289250753012,0.28466796875,0.95263671875
1576,83,0.8687729433358434,0.273681640625,0.93212890625
1577,82,0.8762117711509146,0.315673828125,0.95458984375
1578,81,0.8742736062885802,0.265869140625,0.93701171875
1579,80,0.881689453125,0.3310546875,0.9560546875
1580,82,0.8713259813262195,0.363037109375,0.93603515625
1581,81,0.8701051311728395,0.272705078125,0.96240234375
1582,81,0.8676637249228395,0.29833984375,0.93212890625
1583,82,0.8684171350990854,0.301513671875,0.9609375
1584,81,0.8775137442129629,0.419677734375,0.94921875
1585,83,0.8699642319277109,0.2666015625,0.9423828125
1586,84,0.8704775855654762,0.285400390625,0.94189453125
1587,83,0.8756471197289156,0.29345703125,0.9443359375
1588,85,0.869580078125,0.271240234375,0.95166015625
1589,84,0.8696812220982143,0.2783203125,0.95751953125
1590,83,0.8744205336972891,0.36572265625,0.958984375
1591,85,0.8618221507352941,0.310791015625,0.94189453125
1592,85,0.8691664751838235,0.296630859375,0.96728515625
1593,88,0.8583013361150568,0.30810546875,0.935546875
1594,85,0.8738625919117647,0.301513671875,0.96484375
1595,84,0.8799903506324405,0.452392578125,0.93994140625
1596,87,0.870672817887931,0.3896484375,0.95751953125
1597,88,0.8644214976917614,0.289306640625,0.94189453125
1598,85,0.8845990349264706,0.4775390625,0.953125
1599,86,0.8751050372456395,0.450439453125,0.92529296875
1600,85,0.8815831801470588,0.5859375,0.94921875
1601,86,0.8759595294331395,0.34765625,0.9384765625
1602,90,0.8557996961805555,0.264404296875,0.94970703125
1603,87,0.8805450790229885,0.58154296875,0.94677734375
1604,88,0.8699285333806818,0.27197265625,0.955078125
1605,87,0.8745818741020115,0.260498046875,0.9580078125
1606,88,0.8721147017045454,0.34521484375,0.93310546875
1607,90,0.8642849392361112,0.31494140625,0.9599609375
1608,91,0.858403803228022,0.2705078125,0.9423828125
1609,90,0.8627658420138888,0.257568359375,0.94287109375
1610,87,0.8806853897270115,0.57861328125,0.93359375
1611,89,0.8650505837429775,0.259765625,0.92822265625
1612,88,0.8738514293323864,0.39501953125,0.9365234375
1613,89,0.8592460718047753,0.26123046875,0.94580078125
1614,87,0.8605872844827587,0.28466796875,0.93505859375
1615,84,0.8806704566592262,0.304931640625,0.9443359375
1616,82,0.8889219702743902,0.81103515625,0.94921875
1617,83,0.8835243317018072,0.34521484375,0.947265625
1618,84,0.8773949032738095,0.39501953125,0.94384765625
1619,85,0.879296875,0.33447265625,0.93603515625
1620,85,0.8798512178308824,0.385009765625,0.95068359375
1621,85,0.879733455882353,0.294921875,0.939453125
1622,84,0.8883754185267857,0.767578125,0.94482421875
1623,87,0.8692584859913793,0.3173828125,0.94384765625
1624,86,0.8881324945494186,0.61328125,0.9462890625
1625,88,0.8795221502130682,0.3583984375,0.943359375
1626,90,0.8744574652777778,0.2666015625,0.947265625
1627,90,0.8771755642361111,0.403564453125,0.95703125
1628,89,0.882299530372191,0.325927734375,0.953125
1629,92,0.8719349736752717,0.259033203125,0.94873046875
1630,92,0.8732591711956522,0.401611328125,0.9384765625
1631,91,0.8716491028502747,0.27587890625,0.931640625
1632,94,0.859481486868351,0.25537109375,0.9580078125
1633,91,0.8832310267857143,0.5205078125,0.94091796875
1634,93,0.8731387558803764,0.310791015625,0.93505859375
1635,98,0.8486851283482143,0.281494140625,0.943359375
1636,98,0.8549979073660714,0.264404296875,0.94287109375
1637,97,0.8664122905927835,0.2783203125,0.95166015625
1638,97,0.8688939674613402,0.275146484375,0.93505859375
1639,99,0.8649285827020202,0.264404296875,0.9501953125
1640,96,0.8814646402994791,0.521484375,0.953125
1641,97,0.8793718790270618,0.419677734375,0.947265625
1642,99,0.8682947640467171,0.289306640625,0.94140625
1643,100,0.87342041015625,0.290283203125,0.94189453125
1644,100,0.87695556640625,0.253173828125,0.9580078125
1645,103,0.8678796268203883,0.302490234375,0.93359375
1646,103,0.8690102586468447,0.33203125,0.93359375
1647,102,0.8802011527267157,0.362060546875,0.94140625
1648,106,0.8599807451356132,0.25390625,0.93115234375
1649,103,0.8742486157463593,0.29833984375,0.95654296875
1650,106,0.8667683151533019,0.304931640625,0.931640625
1651,111,0.8499678878096847,0.280517578125,0.95068359375
1652,107,0.8706374123831776,0.280517578125,0.95166015625
1653,111,0.8526380384290541,0.26904296875,0.93994140625
1654,106,0.8729271079009434,0.30322265625,0.955078125
1655,106,0.8729501400353774,0.32080078125,0.9365234375
1656,108,0.8672349717881944,0.301513671875,0.94189453125
1657,107,0.8740622261974299,0.2822265625,0.94384765625
1658,109,0.8658682446961009,0.251708984375,0.93212890625
1659,112,0.8589739118303571,0.27587890625,0.95458984375
1660,110,0.8663485440340909,0.290283203125,0.9365234375
1661,109,0.8758399333428899,0.313232421875,0.9423828125
1662,111,0.8618120073198198,0.2509765625,0.9443359375
1663,109,0.8810385607798165,0.3896484375,0.93701171875
1664,111,0.8791064013231982,0.444580078125,0.9443359375
1665,113,0.8698536020464602,0.2509765625,0.94140625
1666,115,0.8620287024456522,0.299072265625,0.9384765625
1667,115,0.86630859375,0.27587890625,0.9375
1668,118,0.8618267511917372,0.36376953125,0.93798828125
1669,118,0.8566915221133474,0.303955078125,0.9482421875
1670,119,0.8546952960871849,0.251708984375,0.9404296875
1671,117,0.8657310029380342,0.369384765625,0.935546875
1672,119,0.8533986836922269,0.2783203125,0.94091796875
1673,118,0.854514946371822,0.28466796875,0.927734375
1674,118,0.8544528767213984,0.250244140625,0.94873046875
1675,118,0.8466258938029662,0.250244140625,0.94287109375
1676,116,0.8563800680226293,0.2568359375,0.94091796875
1677,120,0.8480611165364583,0.277587890625,0.94189453125
1678,119,0.8497940191701681,0.264404296875,0.9443359375
1679,120,0.85113525390625,0.269775390625,0.93310546875
1680,122,0.8423291816086066,0.25244140625,0.9384765625
1681,118,0.857738430217161,0.2509765625,0.9384765625
1682,117,0.8635128705929487,0.3115234375,0.94140625
1683,117,0.8549199552617521,0.307373046875,0.9443359375
1684,115,0.8638502038043478,0.32080078125,0.94287109375
1685,115,0.8518894361413043,0.2666015625,0.9326171875
1686,113,0.8697498962942478,0.405517578125,0.939453125
1687,114,0.8646582887883771,0.286865234375,0.94189453125
1688,112,0.8700735909598214,0.275146484375,0.9482421875
1689,111,0.8798036317567568,0.4072265625,0.94677734375
1690,113,0.8653467228982301,0.26513671875,0.93505859375
1691,111,0.8756972304335585,0.257568359375,0.94287109375
1692,110,0.8802112926136364,0.32080078125,0.94091796875
1693,110,0.8829190340909091,0.7216796875,0.939453125
1694,112,0.8682686941964286,0.250244140625,0.95068359375
1695,110,0.8774436257102273,0.289306640625,0.94775390625
1696,111,0.870728638795045,0.276611328125,0.9501953125
1697,110,0.8713756214488636,0.256103515625,0.94580078125
1698,110,0.8766424005681818,0.32763671875,0.9365234375
1699,110,0.8730646306818182,0.350341796875,0.95263671875
1700,111,0.8691582207207207,0.290283203125,0.93896484375
1701,110,0.8677911931818182,0.31494140625,0.9521484375
1702,109,0.8738733694094036,0.291748046875,0.943359375
1703,108,0.8739488389756944,0.30078125,0.9365234375
1704,108,0.8697261103877315,0.2568359375,0.947265625
1705,109,0.8646408221043578,0.25244140625,0.94921875
1706,107,0.8767774350175234,0.28466796875,0.947265625
1707,106,0.8800578567216981,0.26904296875,0.94287109375
1708,108,0.8706913700810185,0.315673828125,0.9404296875
1709,108,0.8735057689525463,0.26123046875,0.94873046875
1710,107,0.8763667311623832,0.264404296875,0.94189453125
1711,108,0.8715910734953703,0.262939453125,0.953125
1712,108,0.8706438982928241,0.273681640625,0.95166015625
1713,108,0.8734130859375,0.2958984375,0.94921875
1714,106,0.8771811431308962,0.454345703125,0.95166015625
1715,107,0.8696882301401869,0.281494140625,0.947265625
1716,106,0.8700112396816038,0.272705078125,0.9541015625
1717,107,0.8693938923773364,0.285400390625,0.94189453125
1718,105,0.8787109375,0.2705078125,0.9580078125
1719,106,0.8738668189858491,0.30810546875,0.9423828125
1720,105,0.879106212797619,0.25537109375,0.9619140625
1721,107,0.8683762594918224,0.310791015625,0.95166015625
1722,106,0.8723466981132075,0.25537109375,0.9501953125
1723,106,0.8691567474941038,0.29248046875,0.9560546875
1724,106,0.8713563163325472,0.267333984375,0.94287109375
1725,107,0.8672924576518691,0.251708984375,0.96142578125
1726,107,0.8684013580607477,0.303955078125,0.94287109375
1727,107,0.8637079256717289,0.2783203125,0.9609375
1728,106,0.8665794516509434,0.36669921875,0.95361328125
1729,106,0.8694745909492925,0.322509765625,0.96337890625
1730,106,0.868751381928066,0.31396484375,0.94482421875
1731,104,0.8823101337139423,0.466796875,0.96044921875
1732,108,0.8541214554398148,0.256103515625,0.9375
1733,105,0.8773344494047619,0.4658203125,0.9580078125
1734,106,0.8729570496757075,0.271240234375,0.93994140625
1735,104,0.8768826998197116,0.362060546875,0.94677734375
1736,107,0.8691657235689252,0.346923828125,0.93896484375
1737,104,0.8739835298978366,0.264404296875,0.9521484375
1738,108,0.8606002242476852,0.3486328125,0.95556640625
1739,108,0.8578604239004629,0.259765625,0.93603515625
1740,108,0.8543339482060185,0.26123046875,0.94873046875
1741,105,0.8669689360119047,0.291748046875,0.9404296875
1742,105,0.8641810825892857,0.2568359375,0.94677734375
1743,105,0.86943359375,0.304931640625,0.95458984375
1744,105,0.8676711309523809,0.275146484375,0.9384765625
1745,106,0.8655614313089622,0.2568359375,0.95263671875
1746,107,0.8568674247955608,0.259033203125,0.93408203125
1747,104,0.8737464317908654,0.37841796875,0.93994140625
1748,104,0.8698167067307693,0.29248046875,0.95166015625
1749,103,0.8768535725121359,0.29736328125,0.9375
1750,104,0.8734975961538461,0.273681640625,0.94873046875
1751,106,0.8607914762676887,0.2509765625,0.93115234375
1752,102,0.8814170687806373,0.454345703125,0.94091796875
1753,103,0.8722836392597088,0.4638671875,0.95166015625
1754,105,0.8614583333333333,0.257568359375,0.9443359375
1755,105,0.8599748883928572,0.2705078125,0.9462890625
1756,104,0.8618211012620193,0.27197265625,0.9306640625
1757,104,0.8642836350661057,0.260498046875,0.94384765625
1758,105,0.8616443452380952,0.294189453125,0.95361328125
1759,103,0.8710250113774272,0.260498046875,0.9453125
1760,103,0.872608369993932,0.445556640625,0.94189453125
1761,105,0.8609468005952381,0.2705078125,0.9384765625
1762,107,0.8486693195093458,0.250244140625,0.94091796875
1763,104,0.8659691443810096,0.296630859375,0.94677734375
1764,106,0.8506987949587265,0.263671875,0.9404296875
1765,104,0.8573044996995193,0.33544921875,0.9326171875
1766,105,0.8486653645833333,0.273681640625,0.9423828125
1767,104,0.8586097130408654,0.254638671875,0.9423828125
1768,101,0.8706876547029703,0.29736328125,0.93603515625
1769,101,0.8709027885210396,0.277587890625,0.94140625
1770,104,0.8498769906850961,0.25537109375,0.94189453125
1771,102,0.8619552313112745,0.29248046875,0.94091796875
1772,104,0.8523606520432693,0.277587890625,0.9384765625
1773,103,0.8555564510012136,0.33642578125,0.93310546875
1774,103,0.8526243932038835,0.26904296875,0.939453125
1775,103,0.8498653671116505,0.2705078125,0.95263671875
1776,103,0.8590313068871359,0.323486328125,0.9423828125
1777,101,0.8633876082920792,0.25390625,0.93359375
1778,102,0.8498463350183824,0.26904296875,0.94091796875
1779,101,0.85595703125,0.26123046875,0.95166015625
1780,100,0.85469970703125,0.254638671875,0.95263671875
1781,103,0.844335463440534,0.273681640625,0.9384765625
1782,103,0.8511524385618932,0.2509765625,0.94677734375
1783,101,0.8557829904084159,0.264404296875,0.939453125
1784,98,0.8698929767219388,0.29248046875,0.94873046875
1785,98,0.8697185905612245,0.43115234375,0.9404296875
1786,99,0.8606129655934344,0.26513671875,0.93994140625
1787,98,0.8603067203443877,0.287841796875,0.93701171875
1788,99,0.8573207662563131,0.28857421875,0.94580078125
1789,98,0.8582788584183674,0.296630859375,0.943359375
1790,100,0.843271484375,0.2568359375,0.93408203125
1791,97,0.8608650128865979,0.30810546875,0.943359375
1792,97,0.8508728656572165,0.250244140625,0.9365234375
1793,99,0.8463812934027778,0.26513671875,0.94873046875
1794,97,0.8481898356958762,0.256103515625,0.9384765625
1795,96,0.8536732991536459,0.304931640625,0.93994140625
1796,97,0.8483181982925257,0.259765625,0.9453125
1797,97,0.8533369241301546,0.299072265625,0.93701171875
1798,97,0.8550433915914949,0.3173828125,0.9560546875
1799,95,0.865807462993421,0.319091796875,0.9365234375
1800,98,0.8478680046237245,0.306640625,0.939453125
1801,98,0.8480124960140306,0.265869140625,0.95654296875
1802,96,0.8526407877604166,0.25537109375,0.93310546875
1803,97,0.8510364650451031,0.26220703125,0.9375
1804,97,0.8485145175579897,0.25390625,0.94189453125
1805,100,0.83465576171875,0.257568359375,0.947265625
1806,95,0.8618343955592105,0.272705078125,0.95263671875
1807,96,0.8542989095052084,0.29345703125,0.935546875
1808,94,0.8632319024268617,0.301513671875,0.951171875
1809,95,0.8514134457236842,0.375732421875,0.9287109375
1810,100,0.82617431640625,0.254638671875,0.947265625
1811,95,0.8472990337171052,0.31396484375,0.93896484375
1812,94,0.8406229222074468,0.257568359375,0.94140625
1813,90,0.8603162977430555,0.312255859375,0.93212890625
1814,92,0.8477517832880435,0.26904296875,0.93310546875
1815,94,0.8323013630319149,0.264404296875,0.94677734375
1816,91,0.849609375,0.253173828125,0.92919921875
1817,93,0.8293955813172043,0.272705078125,0.92626953125
1818,89,0.8510824482092697,0.260498046875,0.9228515625
1819,87,0.8615526221264368,0.337158203125,0.92578125
1820,89,0.8481116134129213,0.26904296875,0.94189453125
1821,87,0.853967425466954,0.32763671875,0.93408203125
1822,90,0.8402045355902777,0.299072265625,0.93310546875
1823,89,0.8421370259831461,0.275146484375,0.93505859375
1824,88,0.8450261896306818,0.329345703125,0.9267578125
1825,86,0.8525873228561046,0.26123046875,0.93310546875
1826,86,0.8525788063226745,0.296630859375,0.92919921875
1827,89,0.8294856039325843,0.2705078125,0.927734375
1828,87,0.838202114762931,0.3056640625,0.9482421875
1829,84,0.8496907552083334,0.262939453125,0.93896484375
1830,87,0.8287339484554598,0.259033203125,0.9384765625
1831,83,0.8479974585843374,0.3408203125,0.9375
1832,83,0.8414439006024096,0.253173828125,0.91943359375
1833,81,0.8503478250385802,0.320068359375,0.92822265625
1834,81,0.8473699122299383,0.30908203125,0.92626953125
1835,80,0.85399169921875,0.2958984375,0.921875
1836,80,0.854547119140625,0.281494140625,0.92431640625
1837,80,0.84976806640625,0.256103515625,0.92626953125
1838,79,0.8620049198971519,0.29345703125,0.92626953125
1839,80,0.8465484619140625,0.2568359375,0.94287109375
1840,79,0.852647226068038,0.273681640625,0.9267578125
1841,79,0.8644957723496836,0.43505859375,0.92822265625
1842,81,0.8460196035879629,0.30810546875,0.92138671875
1843,79,0.8559199465981012,0.262939453125,0.92822265625
1844,79,0.845662949960443,0.27587890625,0.94189453125
1845,77,0.8605798498376623,0.4873046875,0.93603515625
1846,78,0.8442664513221154,0.37939453125,0.935546875
1847,74,0.8608992293074325,0.4560546875,0.921875
1848,72,0.8694695366753472,0.250244140625,0.9287109375
1849,74,0.8452346389358109,0.272705078125,0.93310546875
1850,73,0.8465793557363014,0.250244140625,0.9287109375
1851,70,0.8683872767857143,0.42822265625,0.92822265625
1852,72,0.8462592230902778,0.2509765625,0.92724609375
1853,73,0.8420343268407534,0.2744140625,0.93310546875
1854,69,0.86279296875,0.3056640625,0.9404296875
1855,71,0.8455930897887324,0.2509765625,0.93310546875
1856,67,0.8690313083022388,0.30810546875,0.92138671875
1857,67,0.8699495685634329,0.29833984375,0.9306640625
1858,70,0.8447300502232142,0.25537109375,0.9306640625
1859,68,0.8515265969669118,0.269775390625,0.9208984375
1860,69,0.852737205615942,0.35498046875,0.9326171875
1861,71,0.8274510343309859,0.2568359375,0.93212890625
1862,66,0.8643391927083334,0.32421875,0.93115234375
1863,66,0.8588608250473485,0.260498046875,0.931640625
1864,63,0.8747209821428571,0.70263671875,0.92236328125
1865,63,0.8739226810515873,0.5419921875,0.9365234375
1866,64,0.8639717102050781,0.260498046875,0.9326171875
1867,63,0.8655753968253969,0.5302734375,0.91943359375
1868,64,0.84918212890625,0.2861328125,0.9267578125
1869,62,0.8492943548387096,0.26904296875,0.9208984375
1870,61,0.852723168545082,0.250244140625,0.93798828125
1871,59,0.8689999337923728,0.51953125,0.9306640625
1872,59,0.8597308659957628,0.30078125,0.9326171875
1873,58,0.8613407529633621,0.403564453125,0.92578125
1874,59,0.8406589314088984,0.262939453125,0.92919921875
1875,58,0.8439646753771551,0.259033203125,0.93359375
1876,59,0.8409444518008474,0.273681640625,0.931640625
1877,56,0.8697596958705357,0.56396484375,0.92578125
1878,59,0.834232653601695,0.37939453125,0.92822265625
1879,58,0.8336013267780172,0.291015625,0.93310546875
1880,56,0.850433349609375,0.260498046875,0.93505859375
1881,58,0.8222614156788793,0.275146484375,0.93505859375
1882,54,0.8515534577546297,0.384033203125,0.92919921875
1883,56,0.8314950125558036,0.275146484375,0.93505859375
1884,56,0.8189479282924107,0.25244140625,0.93115234375
1885,53,0.8400602520636793,0.312255859375,0.94482421875
1886,51,0.8485274969362745,0.4560546875,0.93310546875
1887,50,0.8458251953125,0.326904296875,0.9287109375
1888,49,0.8562360491071429,0.42529296875,0.93359375
1889,48,0.8534088134765625,0.30322265625,0.9287109375
1890,48,0.8608652750651041,0.35302734375,0.93701171875
1891,49,0.8427186304209183,0.269775390625,0.93701171875
1892,49,0.8371731505102041,0.257568359375,0.927734375
1893,48,0.8369038899739584,0.260498046875,0.94140625
1894,45,0.865966796875,0.275146484375,0.92822265625
1895,45,0.8722439236111111,0.42333984375,0.943359375
1896,44,0.8807705965909091,0.68359375,0.93896484375
1897,46,0.8546461022418478,0.30810546875,0.9248046875
1898,45,0.8640679253472222,0.355712890625,0.9375
1899,45,0.8625542534722223,0.28857421875,0.94873046875
1900,43,0.871559320494186,0.5927734375,0.93896484375
1901,46,0.820906929347826,0.2744140625,0.92578125
1902,43,0.8438862645348837,0.333740234375,0.92431640625
1903,43,0.8389807412790697,0.27587890625,0.9287109375
1904,42,0.8433489118303571,0.2509765625,0.92822265625
1905,42,0.8327287946428571,0.2744140625,0.9189453125
1906,41,0.8462569073932927,0.291748046875,0.93896484375
1907,41,0.8371641577743902,0.26513671875,0.93408203125
1908,39,0.8598382411858975,0.36376953125,0.92919921875
1909,39,0.8434244791666666,0.3056640625,0.9248046875
1910,39,0.8235677083333334,0.3115234375,0.9365234375
1911,39,0.8354617387820513,0.33544921875,0.9287109375
1912,40,0.8275634765625,0.2783203125,0.923828125
1913,40,0.80518798828125,0.289306640625,0.9189453125
1914,38,0.8139455694901315,0.367431640625,0.9189453125
1915,38,0.7892552425986842,0.264404296875,0.9228515625
1916,33,0.8305959990530303,0.3310546875,0.916015625
1917,34,0.8114659926470589,0.362060546875,0.91650390625
1918,34,0.8030359604779411,0.279052734375,0.9140625
1919,33,0.8199129971590909,0.286865234375,0.923828125
1920,30,0.8571940104166667,0.35302734375,0.93115234375
1921,32,0.8045196533203125,0.2666015625,0.91845703125
1922,28,0.8628016880580357,0.280517578125,0.92236328125
1923,30,0.8319742838541667,0.26806640625,0.92138671875
1924,32,0.7954254150390625,0.26806640625,0.927734375
1925,31,0.8009623865927419,0.25830078125,0.95068359375
1926,32,0.7796783447265625,0.319091796875,0.92431640625
1927,33,0.7572502367424242,0.27978515625,0.916015625
1928,32,0.7482681274414062,0.251708984375,0.9248046875
1929,31,0.7686885710685484,0.280517578125,0.9150390625
1930,30,0.7807698567708333,0.29248046875,0.9130859375
1931,29,0.8007559940732759,0.342529296875,0.923828125
1932,32,0.7365646362304688,0.26513671875,0.90966796875
1933,30,0.7441650390625,0.2822265625,0.92724609375
1934,28,0.7457101004464286,0.307373046875,0.91796875
1935,28,0.7147652762276786,0.2958984375,0.91259765625
1936,24,0.74578857421875,0.306640625,0.91796875
1937,24,0.7329915364583334,0.2822265625,0.9208984375
1938,22,0.7550603693181818,0.257568359375,0.91552734375
1939,21,0.7544991629464286,0.265869140625,0.92138671875
1940,19,0.8057925575657895,0.285400390625,0.91845703125
1941,21,0.7587541852678571,0.316650390625,0.92138671875
1942,22,0.7323663884943182,0.26513671875,0.9072265625
1943,22,0.7142112038352273,0.296630859375,0.9140625
1944,20,0.74261474609375,0.279052734375,0.92138671875
1945,20,0.7100830078125,0.279052734375,0.91748046875
1946,20,0.6710693359375,0.2568359375,0.91357421875
1947,15,0.7750813802083333,0.435791015625,0.921875
1948,16,0.7118072509765625,0.277587890625,0.91796875
1949,16,0.73138427734375,0.276611328125,0.908203125
1950,18,0.6688096788194444,0.25537109375,0.90380859375
1951,17,0.6760684742647058,0.27978515625,0.91943359375
1952,16,0.655303955078125,0.27197265625,0.896484375
1953,16,0.6407318115234375,0.32861328125,0.90869140625
1954,15,0.611328125,0.277587890625,0.89892578125
1955,12,0.6618448893229166,0.2861328125,0.90478515625
1956,12,0.6572062174479166,0.29833984375,0.90478515625
1957,13,0.605712890625,0.25390625,0.89990234375
1958,13,0.5921724759615384,0.269775390625,0.90673828125
1959,12,0.5739949544270834,0.282958984375,0.89697265625
1960,13,0.5611666165865384,0.25830078125,0.90185546875
1961,11,0.6070223721590909,0.2705078125,0.89501953125
1962,12,0.5549519856770834,0.26123046875,0.880859375
1963,11,0.5415704900568182,0.253173828125,0.8916015625
1964,10,0.5688232421875,0.26513671875,0.89013671875
1965,10,0.576025390625,0.3310546875,0.89697265625
1966,8,0.63629150390625,0.34765625,0.8974609375
1967,8,0.63421630859375,0.280517578125,0.875
1968,7,0.6329520089285714,0.31396484375,0.85791015625
1969,7,0.6049455915178571,0.306640625,0.841796875
1970,7,0.5680106026785714,0.34326171875,0.84375
1971,6,0.5686848958333334,0.342529296875,0.85302734375
1972,5,0.584228515625,0.38037109375,0.83740234375
1973,5,0.574462890625,0.406494140625,0.845703125
1974,7,0.5006626674107143,0.28466796875,0.79833984375
1975,5,0.398046875,0.29248046875,0.443603515625
1976,5,0.402685546875,0.313232421875,0.4951171875
1977,5,0.424462890625,0.363037109375,0.5048828125
1978,5,0.402783203125,0.259765625,0.52734375
1979,5,0.45771484375,0.34326171875,0.56689453125
1980,11,0.4160378196022727,0.263671875,0.65478515625
1981,10,0.489111328125,0.272705078125,0.66357421875
1982,11,0.475830078125,0.286865234375,0.673828125
1983,11,0.41685901988636365,0.2705078125,0.66015625
1984,8,0.44091796875,0.254638671875,0.61669921875
1985,7,0.42825753348214285,0.33447265625,0.55712890625
1986,9,0.3985460069444444,0.291748046875,0.58203125
1987,4,0.37030029296875,0.291748046875,0.47265625
1988,4,0.36328125,0.320068359375,0.403564453125
1989,2,0.409423828125,0.3876953125,0.43115234375
1990,3,0.2779947916666667,0.262939453125,0.299072265625
1991,4,0.28948974609375,0.253173828125,0.3251953125
1992,3,0.3055826822916667,0.259033203125,0.36669921875
1993,3,0.31640625,0.260498046875,0.416748046875
1994,1,0.28466796875,0.28466796875,0.28466796875
1995,1,0.43310546875,0.43310546875,0.43310546875
1996,4,0.35955810546875,0.25244140625,0.4892578125
1997,6,0.3891194661458333,0.2783203125,0.5517578125
1998,6,0.3997395833333333,0.32421875,0.4814453125
1999,8,0.421630859375,0.279052734375,0.5498046875
2000,6,0.4844563802083333,0.36572265625,0.5419921875
2001,7,0.46285574776785715,0.3876953125,0.5546875
2002,8,0.436553955078125,0.259033203125,0.56103515625
2003,8,0.44549560546875,0.29833984375,0.56298828125
2004,4,0.48297119140625,0.4091796875,0.5546875
2005,5,0.443701171875,0.259765625,0.56201171875
2006,5,0.415234375,0.28369140625,0.5888671875
2007,5,0.381201171875,0.2861328125,0.552734375
2008,4,0.38275146484375,0.269775390625,0.53515625
2009,2,0.453125,0.3857421875,0.5205078125
2010,3,0.42529296875,0.350341796875,0.5087890625
2011,2,0.3760986328125,0.259033203125,0.4931640625
2012,3,0.37060546875,0.280517578125,0.515625
2013,3,0.4251302083333333,0.35498046875,0.521484375
2014,3,0.44189453125,0.28369140625,0.58203125
2015,3,0.4493001302083333,0.28369140625,0.61767578125
2016,2,0.4405517578125,0.290283203125,0.5908203125
2017,3,0.46923828125,0.33203125,0.59716796875
2018,3,0.4984537760416667,0.367431640625,0.56494140625
2019,3,0.51171875,0.39501953125,0.60595703125
2020,3,0.486083984375,0.438720703125,0.5185546875
2021,4,0.4158935546875,0.263671875,0.5
2022,4,0.4312744140625,0.262939453125,0.5302734375
2023,4,0.43212890625,0.251708984375,0.556640625
2024,4,0.416748046875,0.350341796875,0.4970703125
2025,4,0.4140625,0.281494140625,0.5126953125
2026,3,0.3457845052083333,0.276611328125,0.4111328125
2027,5,0.32421875,0.25830078125,0.43115234375
2028,2,0.429931640625,0.36669921875,0.4931640625
2029,3,0.3953450520833333,0.294921875,0.4921875
2030,4,0.45849609375,0.2666015625,0.68408203125
2031,4,0.42291259765625,0.3251953125,0.52734375
2032,4,0.40777587890625,0.28857421875,0.490234375
2033,5,0.38291015625,0.271240234375,0.57763671875
2034,5,0.387646484375,0.291015625,0.529296875
2035,6,0.4057210286458333,0.277587890625,0.57666015625
2036,8,0.441070556640625,0.263671875,0.607421875
2037,7,0.42616489955357145,0.2744140625,0.58056640625
2038,7,0.43600027901785715,0.29345703125,0.55078125
2039,6,0.4349365234375,0.27978515625,0.5546875
2040,6,0.3847249348958333,0.251708984375,0.5029296875
2041,5,0.37607421875,0.28857421875,0.490234375
2042,5,0.4044921875,0.29833984375,0.5263671875
2043,5,0.3794921875,0.27197265625,0.5166015625
2044,4,0.406982421875,0.35302734375,0.4609375
2045,4,0.370849609375,0.330322265625,0.4599609375
2046,5,0.339453125,0.260498046875,0.4931640625
